-- MySQL dump 10.13  Distrib 8.0.19, for Win64 (x86_64)
--
-- Host: 127.0.0.1    Database: estudy
-- ------------------------------------------------------
-- Server version	8.0.40

/*!40101 SET @OLD_CHARACTER_SET_CLIENT=@@CHARACTER_SET_CLIENT */;
/*!40101 SET @OLD_CHARACTER_SET_RESULTS=@@CHARACTER_SET_RESULTS */;
/*!40101 SET @OLD_COLLATION_CONNECTION=@@COLLATION_CONNECTION */;
/*!50503 SET NAMES utf8mb4 */;
/*!40103 SET @OLD_TIME_ZONE=@@TIME_ZONE */;
/*!40103 SET TIME_ZONE='+00:00' */;
/*!40014 SET @OLD_UNIQUE_CHECKS=@@UNIQUE_CHECKS, UNIQUE_CHECKS=0 */;
/*!40014 SET @OLD_FOREIGN_KEY_CHECKS=@@FOREIGN_KEY_CHECKS, FOREIGN_KEY_CHECKS=0 */;
/*!40101 SET @OLD_SQL_MODE=@@SQL_MODE, SQL_MODE='NO_AUTO_VALUE_ON_ZERO' */;
/*!40111 SET @OLD_SQL_NOTES=@@SQL_NOTES, SQL_NOTES=0 */;

--
-- Table structure for table `Answers`
--

DROP TABLE IF EXISTS `Answers`;
/*!40101 SET @saved_cs_client     = @@character_set_client */;
/*!50503 SET character_set_client = utf8mb4 */;
CREATE TABLE `Answers` (
  `id` int NOT NULL AUTO_INCREMENT,
  `questionId` int DEFAULT NULL,
  `answer` text,
  `createdAt` datetime NOT NULL,
  `updatedAt` datetime NOT NULL,
  PRIMARY KEY (`id`),
  KEY `questionId` (`questionId`),
  CONSTRAINT `Answers_ibfk_1` FOREIGN KEY (`questionId`) REFERENCES `Questions` (`id`) ON DELETE CASCADE ON UPDATE CASCADE
) ENGINE=InnoDB AUTO_INCREMENT=1064 DEFAULT CHARSET=utf8mb4 COLLATE=utf8mb4_0900_ai_ci;
/*!40101 SET character_set_client = @saved_cs_client */;

--
-- Dumping data for table `Answers`
--

LOCK TABLES `Answers` WRITE;
/*!40000 ALTER TABLE `Answers` DISABLE KEYS */;
INSERT INTO `Answers` VALUES (469,121,'They’re not frequent flyers.','2024-11-19 13:57:42','2024-11-25 17:24:57'),(470,123,'The window faces toward the street.','2024-11-19 13:57:42','2024-11-19 13:57:42'),(471,121,'The copier malfunctioned.','2024-11-19 13:57:42','2024-11-19 22:51:15'),(472,121,'It was the company’s 40th anniversary.','2024-11-19 13:57:42','2024-11-19 13:57:42'),(473,123,'Between Williams street and Keller Avenue.','2024-11-19 13:57:42','2024-11-19 13:57:42'),(474,123,'It was very informative.','2024-11-19 13:57:42','2024-11-19 13:57:42'),(475,122,'Is that really necessary?','2024-11-19 13:57:42','2024-11-19 13:57:42'),(476,122,'I returned the equipment.','2024-11-19 13:57:42','2024-11-19 22:51:30'),(477,122,'I’m not a tenant.','2024-11-19 13:57:42','2024-11-19 13:57:42'),(478,125,'It’s a comfortable chair.','2024-11-19 13:57:42','2024-11-19 13:57:42'),(479,125,'Please sit anywhere.','2024-11-19 13:57:42','2024-11-19 13:57:42'),(480,125,'Keep that in mind.','2024-11-19 13:57:42','2024-11-19 13:57:42'),(481,126,'A new reward system will be introduced soon.','2024-11-19 13:57:42','2024-11-19 13:57:42'),(482,126,'No, I’ve been too busy today.','2024-11-19 13:57:42','2024-11-19 13:57:42'),(483,126,'Nice to meet you.','2024-11-19 13:57:42','2024-11-19 13:57:42'),(484,124,'I think it was less than 60 dollars.','2024-11-19 13:57:42','2024-11-19 13:57:42'),(485,124,'It wasn’t difficult at all.','2024-11-19 13:57:42','2024-11-19 13:57:42'),(486,124,'In a department store.','2024-11-19 13:57:42','2024-11-19 13:57:42'),(487,128,'Sure, let’s do it on the steps.','2024-11-19 13:57:42','2024-11-19 13:57:42'),(488,128,'A digital camera.','2024-11-19 13:57:42','2024-11-19 13:57:42'),(489,128,'Yes, she looks attractive in this picture.','2024-11-19 13:57:42','2024-11-19 13:57:42'),(490,127,'Front row seats.','2024-11-19 13:57:42','2024-11-19 13:57:42'),(491,127,'Mr. Gibson will close the door.','2024-11-19 13:57:42','2024-11-19 13:57:42'),(492,129,'I agree with you.','2024-11-19 13:57:42','2024-11-19 13:57:42'),(493,127,'A famous novelist.','2024-11-19 13:57:42','2024-11-19 13:57:42'),(494,129,'When it reaches 25 degrees.','2024-11-19 13:57:42','2024-11-19 13:57:42'),(495,129,'They’ll be on air in about an hour.','2024-11-19 13:57:42','2024-11-19 13:57:42'),(496,130,'I’ll order the tomato pasta.','2024-11-19 13:57:42','2024-11-19 13:57:42'),(497,130,'Yes, the service is rather slow tonight.','2024-11-19 13:57:42','2024-11-19 13:57:42'),(498,131,'Actually, I prefer working alone.','2024-11-19 13:57:42','2024-11-19 13:57:42'),(499,130,'It was delicious.','2024-11-19 13:57:42','2024-11-19 13:57:42'),(500,131,'Let’s gather the company’s data.','2024-11-19 13:57:42','2024-11-19 13:57:42'),(501,131,'Before next Friday.','2024-11-19 13:57:42','2024-11-19 13:57:42'),(502,132,'In April.','2024-11-19 13:57:42','2024-11-19 13:57:42'),(503,132,'Refreshments will be provided.','2024-11-19 13:57:42','2024-11-19 13:57:42'),(504,132,'At a park next to a lake.','2024-11-19 13:57:42','2024-11-19 13:57:42'),(505,133,'The house is for sale.','2024-11-19 13:57:42','2024-11-19 13:57:42'),(506,133,'Yes, we’re doing that next.','2024-11-19 13:57:42','2024-11-19 13:57:42'),(507,133,'His remarks caused offense.','2024-11-19 13:57:42','2024-11-19 13:57:42'),(508,134,'Look at the attachment.','2024-11-19 13:57:42','2024-11-19 13:57:42'),(509,134,'Actually, I’ll be on vacation.','2024-11-19 13:57:42','2024-11-19 13:57:42'),(510,134,'We accept cash or check.','2024-11-19 13:57:42','2024-11-19 13:57:42'),(511,135,'I forgot the singer’s name.','2024-11-19 13:57:42','2024-11-19 13:57:42'),(512,135,'Where is the concert?','2024-11-19 13:57:42','2024-11-19 13:57:42'),(513,135,'Yes, he has a wonderful voice.','2024-11-19 13:57:42','2024-11-19 13:57:42'),(514,136,'Ms. Watson will be leading the team.','2024-11-19 13:57:42','2024-11-19 13:57:42'),(515,136,'I’m going to book a table for dinner.','2024-11-19 13:57:42','2024-11-19 13:57:42'),(516,136,'No, I’ll get it from the library.','2024-11-19 13:57:42','2024-11-19 13:57:42'),(517,138,'That’s a difficult request.','2024-11-19 13:57:42','2024-11-19 13:57:42'),(518,138,'It’s Katie Miller.','2024-11-19 13:57:42','2024-11-19 13:57:42'),(519,138,'Make room on your desk.','2024-11-19 13:57:42','2024-11-19 13:57:42'),(520,137,'I’m going to order delivery.','2024-11-19 13:57:42','2024-11-19 13:57:42'),(521,137,'Please bring the bill.','2024-11-19 13:57:42','2024-11-19 13:57:42'),(522,137,'At a convenient time.','2024-11-19 13:57:42','2024-11-19 13:57:42'),(523,139,'No, they are distributed next week.','2024-11-19 13:57:42','2024-11-19 13:57:42'),(524,139,'Sure, I’ll send him an e-mail.','2024-11-19 13:57:42','2024-11-19 13:57:42'),(525,139,'She wants to get the promotion.','2024-11-19 13:57:42','2024-11-19 13:57:42'),(526,141,'I need a reference book.','2024-11-19 13:57:43','2024-11-19 13:57:43'),(527,141,'Yes, 200 seats in total.','2024-11-19 13:57:43','2024-11-19 13:57:43'),(528,141,'No, I couldn’t find the e-mail address.','2024-11-19 13:57:43','2024-11-19 13:57:43'),(529,143,'Yes, it is working again.','2024-11-19 13:57:43','2024-11-19 13:57:43'),(530,143,'She works on the third floor.','2024-11-19 13:57:43','2024-11-19 13:57:43'),(531,143,'That’s not what I saw.','2024-11-19 13:57:43','2024-11-19 13:57:43'),(532,142,'He has extensive management experience.','2024-11-19 13:57:43','2024-11-19 13:57:43'),(533,142,'There’s a paper jam in the copy machine.','2024-11-19 13:57:43','2024-11-19 13:57:43'),(534,144,'Hold the line, please.','2024-11-19 13:57:43','2024-11-19 13:57:43'),(535,144,'Some empty boxes.','2024-11-19 13:57:43','2024-11-19 13:57:43'),(536,142,'That’s why the coffee tastes great.','2024-11-19 13:57:43','2024-11-19 13:57:43'),(537,144,'Try calling back later.','2024-11-19 13:57:43','2024-11-19 13:57:43'),(538,140,'Because it’s a holiday.','2024-11-19 13:57:43','2024-11-19 13:57:43'),(539,140,'Let’s get off at the next station.','2024-11-19 13:57:43','2024-11-19 13:57:43'),(540,140,'No, I won’t be running tomorrow.','2024-11-19 13:57:43','2024-11-19 13:57:43'),(541,145,'You need a transit card.','2024-11-19 13:57:43','2024-11-19 13:57:43'),(542,145,'The bus stop is over there.','2024-11-19 13:57:43','2024-11-19 13:57:43'),(543,145,'It is headed downtown.','2024-11-19 13:57:43','2024-11-19 13:57:43'),(568,152,'The woman is drinking a cup of coffee.','2024-11-24 19:28:47','2024-11-27 17:43:58'),(569,152,'The woman is listening to music.','2024-11-24 19:28:47','2024-11-27 17:45:59'),(570,152,'The woman is talking on her cell phone.','2024-11-24 19:28:47','2024-11-24 19:28:47'),(571,152,'The woman is looking at the newspaper.','2024-11-24 19:28:47','2024-11-24 19:28:47'),(572,153,'They are very close to the chairlift.','2024-11-24 19:28:47','2024-11-24 19:28:47'),(573,153,'They are making snow.','2024-11-24 19:28:47','2024-11-24 19:28:47'),(574,153,'The people are skiing down the mountain.','2024-11-24 19:28:47','2024-11-24 19:28:47'),(575,153,'All of the skiers are wearing helmets.','2024-11-24 19:28:47','2024-11-24 19:28:47'),(576,155,'She is fixing the wheel on her bike.','2024-11-24 19:28:47','2024-11-24 19:28:47'),(577,155,'She is changing the tire on her car.','2024-11-24 19:28:47','2024-11-24 19:28:47'),(578,155,'She is putting oil into her car.','2024-11-24 19:28:47','2024-11-24 19:28:47'),(579,155,'She is standing behind the windmill.','2024-11-24 19:28:47','2024-11-24 19:28:47'),(580,156,'The men are adjusting headsets.','2024-11-24 19:28:47','2024-11-24 19:28:47'),(581,156,'The women are wearing headsets.','2024-11-24 19:28:47','2024-11-24 19:28:47'),(582,156,'The men are using a mouse with the laptop.','2024-11-24 19:28:47','2024-11-24 19:28:47'),(583,156,'The women are talking to each other.','2024-11-24 19:28:47','2024-11-24 19:28:47'),(584,154,'The plane is docked at the airport.','2024-11-24 19:28:47','2024-11-24 19:28:47'),(585,154,'There is luggage being put onto the plane.','2024-11-24 19:28:47','2024-11-24 19:28:47'),(586,154,'There are many people boarding the plane.','2024-11-24 19:28:47','2024-11-24 19:28:47'),(587,154,'There are maintenance workers fixing the plane.','2024-11-24 19:28:47','2024-11-24 19:28:47'),(588,157,'The people are drinking glasses of juice.','2024-11-24 19:28:47','2024-11-24 19:28:47'),(589,157,'She is giving a presentation about September’s sales figures.','2024-11-24 19:28:47','2024-11-24 19:28:47'),(590,157,'All of the women are sitting down.','2024-11-24 19:28:47','2024-11-24 19:28:47'),(591,157,'One of the women is giving a business presentation on a whiteboard.','2024-11-24 19:28:47','2024-11-24 19:28:47'),(592,158,'The man is holding some seafood.','2024-11-24 19:35:50','2024-11-24 19:35:50'),(593,158,'The woman is baking a crab.','2024-11-24 19:35:50','2024-11-24 19:35:50'),(594,158,'They are scared of the crab.','2024-11-24 19:35:50','2024-11-24 19:35:50'),(595,159,'The man is using a screwdriver to screw a nail into the building frame.','2024-11-24 19:35:50','2024-11-24 19:35:50'),(596,158,'The family is shopping for breakfast.','2024-11-24 19:35:50','2024-11-24 19:35:50'),(597,159,'The man is hammering something into a building frame.','2024-11-24 19:35:50','2024-11-24 19:35:50'),(598,159,'The man is making the frame with his hand.','2024-11-24 19:35:50','2024-11-24 19:35:50'),(599,159,'The man is wearing protective glasses.','2024-11-24 19:35:50','2024-11-24 19:35:50'),(600,162,'They are looking at each other.','2024-11-24 19:35:50','2024-11-24 19:35:50'),(601,162,'The woman is typing on her computer.','2024-11-24 19:35:50','2024-11-24 19:35:50'),(602,162,'The man is using the calculator.','2024-11-24 19:35:50','2024-11-24 19:35:50'),(603,162,'The man is writing something onto the notepad.','2024-11-24 19:35:50','2024-11-24 19:35:50'),(604,160,'The woman is talking on the phone.','2024-11-24 19:35:50','2024-11-24 19:35:50'),(605,160,'The woman is using her cell phone.','2024-11-24 19:35:50','2024-11-24 19:35:50'),(606,160,'The woman is writing in her notebook.','2024-11-24 19:35:50','2024-11-24 19:35:50'),(607,160,'The woman is typing on the laptop.','2024-11-24 19:35:50','2024-11-24 19:35:50'),(608,161,'The woman is cooking some bacon.','2024-11-24 19:35:50','2024-11-24 19:35:50'),(609,161,'The woman is baking a cake.','2024-11-24 19:35:50','2024-11-24 19:35:50'),(610,161,'The woman is preparing for dinner.','2024-11-24 19:35:50','2024-11-24 19:35:50'),(611,161,'The woman is frying some fish.','2024-11-24 19:35:50','2024-11-24 19:35:50'),(612,163,'There are some tables and chairs outdoors.','2024-11-24 19:35:50','2024-11-24 19:35:50'),(613,163,'There are plastic umbrellas on the tables.','2024-11-24 19:35:50','2024-11-24 19:35:50'),(614,163,'There are some people sitting at the tables.','2024-11-24 19:35:50','2024-11-24 19:35:50'),(615,163,'There are many flowers in the garden.','2024-11-24 19:35:50','2024-11-24 19:35:50'),(856,224,'cooperative','2024-11-26 10:45:47','2024-11-26 10:45:47'),(857,224,'visible','2024-11-26 10:45:47','2024-11-26 10:45:47'),(858,224,'essential','2024-11-26 10:45:47','2024-11-26 10:45:47'),(859,224,'alternative','2024-11-26 10:45:47','2024-11-26 10:45:47'),(860,225,'yet','2024-11-26 10:45:47','2024-11-26 10:53:54'),(861,225,'just','2024-11-26 10:45:47','2024-11-26 10:53:54'),(862,225,'few','2024-11-26 10:45:47','2024-11-26 10:53:54'),(863,225,'still','2024-11-26 10:45:47','2024-11-26 10:53:54'),(864,226,'fix','2024-11-26 10:45:47','2024-11-26 10:45:47'),(865,226,'write','2024-11-26 10:45:47','2024-11-26 10:45:47'),(866,226,'send','2024-11-26 10:45:47','2024-11-26 10:45:47'),(867,226,'direct','2024-11-26 10:45:47','2024-11-26 10:45:47'),(868,227,'quote','2024-11-26 10:45:47','2024-11-26 10:45:47'),(869,227,'graduation','2024-11-26 10:45:47','2024-11-26 10:45:47'),(870,227,'request','2024-11-26 10:45:47','2024-11-26 10:45:47'),(871,227,'dispute','2024-11-26 10:45:47','2024-11-26 10:45:47'),(872,230,'strategy','2024-11-26 10:45:47','2024-11-26 10:45:47'),(873,230,'strategically','2024-11-26 10:45:47','2024-11-26 10:45:47'),(874,230,'strategies','2024-11-26 10:45:47','2024-11-26 10:45:47'),(875,230,'strategic','2024-11-26 10:45:47','2024-11-26 10:45:47'),(876,228,'legal','2024-11-26 10:45:47','2024-11-26 10:45:47'),(877,228,'legalize','2024-11-26 10:45:47','2024-11-26 10:45:47'),(878,228,'legally','2024-11-26 10:45:47','2024-11-26 10:45:47'),(879,228,'legalizes','2024-11-26 10:45:47','2024-11-26 10:45:47'),(880,229,'experience','2024-11-26 10:45:47','2024-11-26 10:45:47'),(881,229,'growth','2024-11-26 10:45:47','2024-11-26 10:45:47'),(882,229,'formula','2024-11-26 10:45:47','2024-11-26 10:45:47'),(883,229,'incentive','2024-11-26 10:45:47','2024-11-26 10:45:47'),(884,231,'mechanically','2024-11-26 10:45:47','2024-11-26 10:45:47'),(885,231,'mechanic','2024-11-26 10:45:47','2024-11-26 10:45:47'),(886,231,'mechanism','2024-11-26 10:45:47','2024-11-26 10:45:47'),(887,231,'mechanical','2024-11-26 10:45:47','2024-11-26 10:45:47'),(888,233,'expressive','2024-11-26 10:45:47','2024-11-26 10:45:47'),(889,233,'reliable','2024-11-26 10:45:47','2024-11-26 10:45:47'),(890,233,'partial','2024-11-26 10:45:47','2024-11-26 10:45:47'),(891,233,'extreme','2024-11-26 10:45:47','2024-11-26 10:45:47'),(892,234,'treatment','2024-11-26 10:45:47','2024-11-26 10:45:47'),(893,234,'treat','2024-11-26 10:45:47','2024-11-26 10:45:47'),(894,234,'treated','2024-11-26 10:45:47','2024-11-26 10:45:47'),(895,234,'treating','2024-11-26 10:45:47','2024-11-26 10:45:47'),(896,232,'more important','2024-11-26 10:45:47','2024-11-26 10:45:47'),(897,232,'importantly','2024-11-26 10:45:47','2024-11-26 10:45:47'),(898,232,'importance','2024-11-26 10:45:47','2024-11-26 10:45:47'),(899,232,'important','2024-11-26 10:45:47','2024-11-26 10:45:47'),(900,236,'accessorized','2024-11-26 10:45:47','2024-11-26 10:45:47'),(901,236,'accessorize','2024-11-26 10:45:47','2024-11-26 10:45:47'),(902,236,'accessorizes','2024-11-26 10:45:47','2024-11-26 10:45:47'),(903,236,'accessories','2024-11-26 10:45:47','2024-11-26 10:45:47'),(904,235,'him','2024-11-26 10:45:47','2024-11-26 10:45:47'),(905,235,'himself','2024-11-26 10:45:47','2024-11-26 10:45:47'),(906,235,'his','2024-11-26 10:45:47','2024-11-26 10:45:47'),(907,235,'he','2024-11-26 10:45:47','2024-11-26 10:45:47'),(908,237,'necessitate','2024-11-26 10:45:47','2024-11-26 10:45:47'),(909,237,'necessarily','2024-11-26 10:45:47','2024-11-26 10:45:47'),(910,237,'necessary','2024-11-26 10:45:47','2024-11-26 10:45:47'),(911,237,'necessity','2024-11-26 10:45:47','2024-11-26 10:45:47'),(912,238,'who','2024-11-26 10:45:47','2024-11-26 10:45:47'),(913,238,'he','2024-11-26 10:45:47','2024-11-26 10:45:47'),(914,238,'himself','2024-11-26 10:45:47','2024-11-26 10:45:47'),(915,238,'which','2024-11-26 10:45:47','2024-11-26 10:45:47'),(916,239,'rarely','2024-11-26 10:45:47','2024-11-26 10:45:47'),(917,239,'tiredly','2024-11-26 10:45:47','2024-11-26 10:45:47'),(918,239,'openly','2024-11-26 10:45:47','2024-11-26 10:45:47'),(919,239,'highly','2024-11-26 10:45:47','2024-11-26 10:45:47'),(920,241,'courteously','2024-11-26 10:45:47','2024-11-26 10:45:47'),(921,241,'periodically','2024-11-26 10:45:47','2024-11-26 10:45:47'),(922,241,'initially','2024-11-26 10:45:47','2024-11-26 10:45:47'),(923,241,'physically','2024-11-26 10:45:47','2024-11-26 10:45:47'),(924,240,'notify','2024-11-26 10:45:47','2024-11-26 10:45:47'),(925,240,'agree','2024-11-26 10:45:47','2024-11-26 10:45:47'),(926,240,'generate','2024-11-26 10:45:47','2024-11-26 10:45:47'),(927,240,'perform','2024-11-26 10:45:47','2024-11-26 10:45:47'),(928,242,'soon','2024-11-26 10:45:48','2024-11-26 10:45:48'),(929,242,'very','2024-11-26 10:45:48','2024-11-26 10:45:48'),(930,242,'that','2024-11-26 10:45:48','2024-11-26 10:45:48'),(931,242,'still','2024-11-26 10:45:48','2024-11-26 10:45:48'),(932,243,'obstructs','2024-11-26 10:45:48','2024-11-26 10:45:48'),(933,243,'obstructed','2024-11-26 10:45:48','2024-11-26 10:45:48'),(934,243,'obstruction','2024-11-26 10:45:48','2024-11-26 10:45:48'),(935,243,'obstructing','2024-11-26 10:45:48','2024-11-26 10:45:48'),(936,246,'In addition to','2024-11-26 10:45:48','2024-11-26 10:45:48'),(937,246,'The fact that','2024-11-26 10:45:48','2024-11-26 10:45:48'),(938,246,'As long as','2024-11-26 10:45:48','2024-11-26 10:45:48'),(939,246,'In keeping with','2024-11-26 10:45:48','2024-11-26 10:45:48'),(940,244,'Anyone','2024-11-26 10:45:48','2024-11-26 10:45:48'),(941,244,'Whenever','2024-11-26 10:45:48','2024-11-26 10:45:48'),(942,244,'Other','2024-11-26 10:45:48','2024-11-26 10:45:48'),(943,244,'Fewer','2024-11-26 10:45:48','2024-11-26 10:45:48'),(944,247,'will employ','2024-11-26 10:45:48','2024-11-26 10:45:48'),(945,247,'to employ','2024-11-26 10:45:48','2024-11-26 10:45:48'),(946,247,'has been employed','2024-11-26 10:45:48','2024-11-26 10:45:48'),(947,247,'employ','2024-11-26 10:45:48','2024-11-26 10:45:48'),(948,245,'Now','2024-11-26 10:45:48','2024-11-26 10:45:48'),(949,245,'For','2024-11-26 10:45:48','2024-11-26 10:45:48'),(950,245,'As','2024-11-26 10:45:48','2024-11-26 10:45:48'),(951,245,'Though','2024-11-26 10:45:48','2024-11-26 10:45:48'),(952,248,'Then','2024-11-26 10:45:48','2024-11-26 10:45:48'),(953,248,'So that','2024-11-26 10:45:48','2024-11-26 10:45:48'),(954,248,'Before','2024-11-26 10:45:48','2024-11-26 10:45:48'),(955,248,'Whereas','2024-11-26 10:45:48','2024-11-26 10:45:48'),(956,249,'In spite of','2024-11-26 10:45:48','2024-11-26 10:45:48'),(957,249,'Even if','2024-11-26 10:45:48','2024-11-26 10:45:48'),(958,249,'Whether','2024-11-26 10:45:48','2024-11-26 10:45:48'),(959,249,'Given that','2024-11-26 10:45:48','2024-11-26 10:45:48'),(960,251,'After','2024-11-26 10:45:48','2024-11-26 10:45:48'),(961,251,'Until','2024-11-26 10:45:48','2024-11-26 10:45:48'),(962,251,'Below','2024-11-26 10:45:48','2024-11-26 10:45:48'),(963,251,'Like','2024-11-26 10:45:48','2024-11-26 10:45:48'),(964,250,'with','2024-11-26 10:45:48','2024-11-26 10:45:48'),(965,250,'at','2024-11-26 10:45:48','2024-11-26 10:45:48'),(966,250,'like','2024-11-26 10:45:48','2024-11-26 10:45:48'),(967,252,'relevance','2024-11-26 10:45:48','2024-11-26 10:45:48'),(968,250,'among','2024-11-26 10:45:48','2024-11-26 10:45:48'),(969,252,'relevantly','2024-11-26 10:45:48','2024-11-26 10:45:48'),(970,252,'more relevantly','2024-11-26 10:45:48','2024-11-26 10:45:48'),(971,252,'relevant','2024-11-26 10:45:48','2024-11-26 10:45:48'),(972,253,'proceeds','2024-11-26 10:45:48','2024-11-26 10:45:48'),(973,253,'perspectives','2024-11-26 10:45:48','2024-11-26 10:45:48'),(974,253,'installments','2024-11-26 10:45:48','2024-11-26 10:45:48'),(975,253,'stages','2024-11-26 10:45:48','2024-11-26 10:45:48'),(976,254,'durably','2024-11-26 12:34:15','2024-11-26 12:34:15'),(977,254,'durability','2024-11-26 12:34:15','2024-11-26 12:34:15'),(978,254,'durabled','2024-11-26 12:34:15','2024-11-26 12:34:15'),(979,255,'are bringing','2024-11-26 12:34:15','2024-11-26 12:34:15'),(980,254,'durable','2024-11-26 12:34:15','2024-11-26 12:34:15'),(981,255,'have brought','2024-11-26 12:34:15','2024-11-26 12:34:15'),(982,255,'are brought','2024-11-26 12:34:15','2024-11-26 12:34:15'),(983,255,'bring','2024-11-26 12:34:15','2024-11-26 12:34:15'),(984,256,'seek','2024-11-26 12:34:15','2024-11-26 12:34:15'),(985,256,'to seek','2024-11-26 12:34:15','2024-11-26 12:34:15'),(986,256,'seeking','2024-11-26 12:34:15','2024-11-26 12:34:15'),(987,256,'are seeking','2024-11-26 12:34:15','2024-11-26 12:34:15'),(988,257,'account','2024-11-26 12:34:15','2024-11-26 12:34:15'),(989,257,'accountant','2024-11-26 12:34:15','2024-11-26 12:34:15'),(990,257,'accounting','2024-11-26 12:34:15','2024-11-26 12:34:15'),(991,257,'accounted','2024-11-26 12:34:15','2024-11-26 12:34:15'),(992,258,'This will take a lot of work.','2024-11-26 12:34:15','2024-11-26 12:34:15'),(993,258,'As a result, the convenience shops will be closed.','2024-11-26 12:34:15','2024-11-26 12:34:15'),(994,258,'Because of this, hot meals will not be available for the patrons.','2024-11-26 12:34:15','2024-11-26 12:34:15'),(995,258,'There will be noise and chaos as a result.','2024-11-26 12:34:15','2024-11-26 12:34:15'),(996,261,'basic','2024-11-26 12:34:15','2024-11-26 12:34:15'),(997,261,'decisive','2024-11-26 12:34:15','2024-11-26 12:34:15'),(998,261,'additional','2024-11-26 12:34:15','2024-11-26 12:34:15'),(999,261,'necessary','2024-11-26 12:34:15','2024-11-26 12:34:15'),(1000,259,'extensive','2024-11-26 12:34:15','2024-11-26 12:34:15'),(1001,259,'restricted','2024-11-26 12:34:15','2024-11-26 12:34:15'),(1002,259,'generous','2024-11-26 12:34:15','2024-11-26 12:34:15'),(1003,259,'limitless','2024-11-26 12:34:15','2024-11-26 12:34:15'),(1004,260,'Larson’s utensils and silverware go great with the dinnerware','2024-11-26 12:34:15','2024-11-26 12:34:15'),(1005,260,'Our most popular line, the Spring Flower China is sold out at most locations,','2024-11-26 12:34:15','2024-11-26 12:34:15'),(1006,260,'Visit our store to check out our other beautiful products.','2024-11-26 12:34:15','2024-11-26 12:34:15'),(1007,260,'They are dishwasher- and microwave-safe and we’re confident that you’ll be using them for years to come.','2024-11-26 12:34:15','2024-11-26 12:34:15'),(1008,262,'before','2024-11-26 12:34:15','2024-11-26 12:34:15'),(1009,262,'after','2024-11-26 12:34:15','2024-11-26 12:34:15'),(1010,262,'during','2024-11-26 12:34:15','2024-11-26 12:34:15'),(1011,262,'within','2024-11-26 12:34:15','2024-11-26 12:34:15'),(1012,263,'is being','2024-11-26 12:34:15','2024-11-26 12:34:15'),(1013,263,'will be','2024-11-26 12:34:15','2024-11-26 12:34:15'),(1014,263,'has been','2024-11-26 12:34:15','2024-11-26 12:34:15'),(1015,263,'were being','2024-11-26 12:34:15','2024-11-26 12:34:15'),(1016,264,'I would really appreciate the opportunity to work with you.','2024-11-26 12:34:15','2024-11-26 12:34:15'),(1017,264,'I heard that Digital lT is a great company.','2024-11-26 12:34:15','2024-11-26 12:34:15'),(1018,264,'In fact, our designs are often copied by other companies.','2024-11-26 12:34:15','2024-11-26 12:34:15'),(1019,264,'I have attached a number of our past designs to illustrate what we specialize in.','2024-11-26 12:34:15','2024-11-26 12:34:15'),(1020,265,'result in','2024-11-26 12:34:15','2024-11-26 12:34:15'),(1021,265,'occur to','2024-11-26 12:34:15','2024-11-26 12:34:15'),(1022,265,'ending at','2024-11-26 12:34:15','2024-11-26 12:34:15'),(1023,265,'stop with','2024-11-26 12:34:15','2024-11-26 12:34:15'),(1024,267,'develop','2024-11-26 12:34:15','2024-11-26 12:34:15'),(1025,267,'improve','2024-11-26 12:34:15','2024-11-26 12:34:15'),(1026,267,'rectify','2024-11-26 12:34:15','2024-11-26 12:34:15'),(1027,267,'recover','2024-11-26 12:34:15','2024-11-26 12:34:15'),(1028,266,'We sincerely thank you for your interest.','2024-11-26 12:34:15','2024-11-26 12:34:15'),(1029,266,'The positions begin the following month.','2024-11-26 12:34:15','2024-11-26 12:34:15'),(1030,266,'Please call us for more information.','2024-11-26 12:34:15','2024-11-26 12:34:15'),(1031,266,'We apologize for any inconvenience','2024-11-26 12:34:15','2024-11-26 12:34:15'),(1032,268,'at','2024-11-26 12:34:15','2024-11-26 12:34:15'),(1033,268,'to','2024-11-26 12:34:15','2024-11-26 12:34:15'),(1034,268,'with','2024-11-26 12:34:15','2024-11-26 12:34:15'),(1035,268,'from','2024-11-26 12:34:15','2024-11-26 12:34:15'),(1036,269,'ambitious','2024-11-26 12:34:15','2024-11-26 12:34:15'),(1037,269,'combative','2024-11-26 12:34:15','2024-11-26 12:34:15'),(1038,269,'aggressive','2024-11-26 12:34:15','2024-11-26 12:34:15'),(1039,269,'complacent','2024-11-26 12:34:15','2024-11-26 12:34:15'),(1040,273,'The man is holding some seafood.','2024-11-28 15:39:21','2024-11-28 15:39:21'),(1041,273,'The woman is baking a crab.','2024-11-28 15:39:21','2024-11-28 15:39:21'),(1042,273,'They are scared of the crab.','2024-11-28 15:39:21','2024-11-28 15:39:21'),(1043,273,'The family is shopping for breakfast.','2024-11-28 15:39:21','2024-11-28 15:39:21'),(1044,274,'The man is using a screwdriver to screw a nail into the building frame.','2024-11-28 15:39:21','2024-11-28 15:39:21'),(1045,274,'The man is hammering something into a building frame.','2024-11-28 15:39:21','2024-11-28 15:39:21'),(1046,274,'The man is making the frame with his hand.','2024-11-28 15:39:21','2024-11-28 15:39:21'),(1047,274,'The man is wearing protective glasses.','2024-11-28 15:39:21','2024-11-28 15:39:21'),(1048,275,'The woman is talking on the phone.','2024-11-28 15:39:21','2024-11-28 15:39:21'),(1049,275,'The woman is using her cell phone.','2024-11-28 15:39:21','2024-11-28 15:39:21'),(1050,275,'The woman is typing on the laptop.','2024-11-28 15:39:21','2024-11-28 15:39:21'),(1051,275,'The woman is writing in her notebook.','2024-11-28 15:39:21','2024-11-28 15:39:21'),(1052,276,'The woman is cooking some bacon.','2024-11-28 15:39:22','2024-11-28 15:39:22'),(1053,276,'The woman is baking a cake.','2024-11-28 15:39:22','2024-11-28 15:39:22'),(1054,276,'The woman is preparing for dinner.','2024-11-28 15:39:22','2024-11-28 15:39:22'),(1055,276,'The woman is frying some fish.','2024-11-28 15:39:22','2024-11-28 15:39:22'),(1056,277,'They are looking at each other.','2024-11-28 15:39:22','2024-11-28 15:39:22'),(1057,277,'The woman is typing on her computer.','2024-11-28 15:39:22','2024-11-28 15:39:22'),(1058,277,'The man is using the calculator.','2024-11-28 15:39:22','2024-11-28 15:39:22'),(1059,277,'The man is writing something onto the notepad.','2024-11-28 15:39:22','2024-11-28 15:39:22'),(1060,278,'There are some tables and chairs outdoors.','2024-11-28 15:39:22','2024-11-28 15:39:22'),(1061,278,'There are some people sitting at the tables.','2024-11-28 15:39:22','2024-11-28 15:39:22'),(1062,278,'There are plastic umbrellas on the tables.','2024-11-28 15:39:22','2024-11-28 15:39:22'),(1063,278,'There are many flowers in the garden.','2024-11-28 15:39:22','2024-11-28 15:39:22');
/*!40000 ALTER TABLE `Answers` ENABLE KEYS */;
UNLOCK TABLES;

--
-- Table structure for table `Audios`
--

DROP TABLE IF EXISTS `Audios`;
/*!40101 SET @saved_cs_client     = @@character_set_client */;
/*!50503 SET character_set_client = utf8mb4 */;
CREATE TABLE `Audios` (
  `id` int NOT NULL AUTO_INCREMENT,
  `audioLink` text,
  `createdAt` datetime NOT NULL,
  `updatedAt` datetime NOT NULL,
  PRIMARY KEY (`id`)
) ENGINE=InnoDB AUTO_INCREMENT=139 DEFAULT CHARSET=utf8mb4 COLLATE=utf8mb4_0900_ai_ci;
/*!40101 SET character_set_client = @saved_cs_client */;

--
-- Dumping data for table `Audios`
--

LOCK TABLES `Audios` WRITE;
/*!40000 ALTER TABLE `Audios` DISABLE KEYS */;
INSERT INTO `Audios` VALUES (62,'https://storage.googleapis.com/hatshop-bc917.appspot.com/audios/1731999458449-eco2018_Test01_0220.mp3?GoogleAccessId=firebase-adminsdk-1dr9u%40hatshop-bc917.iam.gserviceaccount.com&Expires=16446992400&Signature=a%2Bbuwuz2EniulCayj8dY5ZKUSXoASDcdieko8oMt8ADoHpYAkXMHDWPsJktXwRKE1i2JOQUPnlaEaSZv6eZDZku4o4DRXApHFgUDmzYmw1te63p6v6MM26iPAeRwodtzdAeNtZtYmrX5NStwo1OPQVdKOw3AUblxHsM4hpez9SK%2FmW8LX%2BS9hvarj1TcVV58Dalh8qlOLTfOWOJ43f5%2BEYcOQBx7hK%2FhUI3M5Dbi4N4CHarYz5BC%2FY7jcm8CPADnfBQq7jPK8rgO4dsMIn8IuFxZitA4SoDBvHxVTK2GigHCVuc9HfG9vxEF32%2FbE5GETbQZB9pL7dAyD5jfBYM0kg%3D%3D','2024-11-19 13:57:45','2024-11-19 13:57:45'),(63,'https://storage.googleapis.com/hatshop-bc917.appspot.com/audios/1731999454672-eco2018_Test01_0225.mp3?GoogleAccessId=firebase-adminsdk-1dr9u%40hatshop-bc917.iam.gserviceaccount.com&Expires=16446992400&Signature=vTmbzhGt%2FJUYfHMpz4kbo4yqBuq35kVr%2Bbcv%2BUilVMAMF2pk0OKbL%2FG5iAI0kr7Jqk0cBQJd6dixc2eFmQ4dOYDh%2BkT3HuAUc9qaGIkLlvBJlfso3qFFZNi8L4P8mmsmce9GRPD2lslookabzb%2BCTBu7mGwX2NJvN1Up%2BtNrR5HrTEgfRxZadKh3FzqMVWb9BD80iQoH51lrW1hLzYfoO%2BhDI3nmGaUFG2mP3Rhg3eNHNZcesKWpsi3E3JWu0FtuNuycjHHwAQSSmBhydNPy8hHQqeuTHM%2Fvcywv9geG2d3psUDmm5uu0cSai%2FyeICFPdncj3J3xRUZClp7gSc4F1A%3D%3D','2024-11-19 13:57:45','2024-11-19 13:57:45'),(64,'https://storage.googleapis.com/hatshop-bc917.appspot.com/audios/1731999454686-eco2018_Test01_0211.mp3?GoogleAccessId=firebase-adminsdk-1dr9u%40hatshop-bc917.iam.gserviceaccount.com&Expires=16446992400&Signature=9sGoFYaULOVTIgrbU1Rf%2FL79zMbdb63s3%2FzRcs%2BTnP1KuVlfv8CvIgJwTU0O4A%2FQ%2FT6XKsjc0rxx%2FgS4rQPAPz%2F5cWmvv9EbPpQ%2B57PpkhQG3ZBPMnRQtiPYNajr5Sm%2BB6p2lYDO86f0R%2BuhI7%2FsVABdqSlaa0DhOpnRH6zYEoCW5ZjF%2FZuCfN%2FDn2XJr%2Ftdn6%2BFftjqZFPfWMWSrrUghd7xS7klNToBRG2S4WKO0FJQ3DrmBlxrtB655rGMSUebRXY2hZcF%2FgFHmZgShL9sbOOp2%2BdX791kCZNJotH3ERlI95u%2BF2L0cHl5PIerge%2FZEAUQ7%2BJJYQ6P1F3r8IBFRA%3D%3D','2024-11-19 13:57:45','2024-11-19 13:57:45'),(65,'https://storage.googleapis.com/hatshop-bc917.appspot.com/audios/1732192105696-eco2018_Test01_0212.mp3?GoogleAccessId=firebase-adminsdk-1dr9u%40hatshop-bc917.iam.gserviceaccount.com&Expires=16446992400&Signature=njDEdb74QZeofP7otTR52HcPVUFxVw0yBe1FFcdAMUMq15STFx82GLwP7XNqsvqzSOLX%2FAyL7sTNzEdAaUE1h7tVC%2BN1Awn%2BirFM%2FzpNrLYieWxvMuwWHbHhVQqLNjSUtuIYYTP%2FAvm%2Bez4%2F2Nt%2BpOXgjW7JvwKezZJncD09D1rTOKSfM1xFb1dvsUsCJump5iT6g%2BJ3iZkiKLXwZry2bxAdXIOKhgxucvOhpEYD4Bc4%2BI8bFH9Maa2dp9uFjkXYJr0vcL7EtlFI6RmvKOS3kjN2DXtD%2Bt0UZ%2ByBBM9sIoG%2BiZwLbx7AMYOAuW5GlI0D3gOXLt%2FTdhnQvRGipWebJA%3D%3D','2024-11-19 13:57:45','2024-11-21 19:28:28'),(66,'https://storage.googleapis.com/hatshop-bc917.appspot.com/audios/1731999456889-eco2018_Test01_0207.mp3?GoogleAccessId=firebase-adminsdk-1dr9u%40hatshop-bc917.iam.gserviceaccount.com&Expires=16446992400&Signature=TMSlHpmc0aUo8rrjB6HFoo4W3NU7UBaK5JpXoPxaeYEEtSBZL3Td00TEwffPsvJOTL9KnRqmLeAwqWviSBbEyz5O7TXkygGf%2BYsIPZva%2FVOCtz5fS14HaVEE%2FCPlsB9XetWkY%2BpnbzQqE%2FtSXwRTE7RvNv1pHP8IQ50TrWbCsteuhBmMmrqHMPRXdUlpGhwfFHPMVXs8EHAlAe0xfRisVCEqFkwrWHURNbq5XQzts6jE4Nc6z8pVh009r2UqlOqgq7ormYj2LUJkfdRxSfqHIb%2BZb9EH71SG9yHTTDoah9yAsg0KePqlxcffrcAIhR493Z8AQ16mc60Ap7NVrSyuvQ%3D%3D','2024-11-19 13:57:45','2024-11-19 13:57:45'),(67,'https://storage.googleapis.com/hatshop-bc917.appspot.com/audios/1731999459954-eco2018_Test01_0219.mp3?GoogleAccessId=firebase-adminsdk-1dr9u%40hatshop-bc917.iam.gserviceaccount.com&Expires=16446992400&Signature=EOSdNR3R3u6K0TKYWlKsJi2AXCb%2BTHdKgvSnQ1gk%2BSZ1kHKvl8f2%2FGrkXUbFG8VQBXP4NH%2BvQZB5rUhvI%2FaZYDXbnZEPmGUk1G4gS4Dg1LdWgpKvh8cSh4AXsYiXUZaZdqnuyVUd0JCqUasQ0BJ6YNn%2FkZdSp6oWhkkj8wLIHxf5oreBU%2BIrdXe3wY25Ra2JN0cqfgtt1YcUkkYoTsVtYyHI%2Fa%2FeRlzoGjEPM0a5pip0ZssjMefB9WWUak9yatl7h8IMnYMaU1qyAJyMTvpp2svxWIZLo2YRNdRTqYsr8f3tfztahY5AXzlfNsrOGiO26M1RDYlVLoKISlaw2i6VTA%3D%3D','2024-11-19 13:57:45','2024-11-19 13:57:45'),(68,'https://storage.googleapis.com/hatshop-bc917.appspot.com/audios/1731999459480-eco2018_Test01_0202.mp3?GoogleAccessId=firebase-adminsdk-1dr9u%40hatshop-bc917.iam.gserviceaccount.com&Expires=16446992400&Signature=4YEVniAlm93Upp7Lfgr2PQlA%2FjcobTS7bjzjWUZcpXIt%2FmqWJ%2FddJ6240F24C5mlaJEs1Bb%2FJInVmr5H%2FZpHwj2NVBny7pcA%2Brdm8DnhYT4X1uwlAxODXnQbvSp66FRmr8Dq9g1owzHRinePceNllkI6wi3fvUQzN%2FYauEkWropwDGNwmNQBnaQd3Rh2SUqT%2BrFp%2BbdYe0QMRm3yVc09XUurmGgTy2shzjLisYFz0VoczcXVNAN647JhrxP65zjIqU6NkQPej3ap9zsPAGfFday%2F2TkcoiDu7YfiA5BmXvEJi78Gc%2B5U9W6ONdxmaY7okZVElqHvo%2FvW%2B%2BlGJpjmeA%3D%3D','2024-11-19 13:57:45','2024-11-19 13:57:45'),(69,'https://storage.googleapis.com/hatshop-bc917.appspot.com/audios/1731999459693-eco2018_Test01_0222.mp3?GoogleAccessId=firebase-adminsdk-1dr9u%40hatshop-bc917.iam.gserviceaccount.com&Expires=16446992400&Signature=KgfiXP%2BweJbcY4K6iR%2F8ISfCiUUHblzs0Xa2Q0PasXjIpbbUHX%2B0G5hdSpAgQyB7qnHe3Flvp8E9tE6ke3Mh20cVBd0ftHN73URSFASLF4hUUWix6mVNoik%2BszP0LvMJs56yfQ2HO1Uww%2Bf7Guwd%2F0yPFIweQPfGLFXtgbEvlxauZ4dZM2rYPu%2Bj5Taivg2DfQJJ3xRBNzdxXN50KmeDt7xRXQGXc%2Fuy5IhQyRZ7tMevxZxzeyFk9%2BVq46y%2Bu3lIfLMgGHvS7%2Fv97y0KqfCAyGQJN2XbLPl7gaRT%2B1A1n%2FWlYZ4BlYfDfwBwLtPXgs4taPvzkBqqjYciXcg1OjHUcw%3D%3D','2024-11-19 13:57:45','2024-11-19 13:57:45'),(70,'https://storage.googleapis.com/hatshop-bc917.appspot.com/audios/1731999459813-eco2018_Test01_0210.mp3?GoogleAccessId=firebase-adminsdk-1dr9u%40hatshop-bc917.iam.gserviceaccount.com&Expires=16446992400&Signature=2snlA4j1oPbTyjmwodZLT0CJduunH%2BBD096n0rT%2FF4rGYInL8qKAOM4ontj6th1ZHtIZ1jDK2Pc%2F3ga1p14ouV5xmYEROoD0y%2BvzC5XCehqQZqMz6gAMYOGZzzCLPF8NmK%2F7CM2XpNtQJ6Cu9uA2eGYcyvfaLKh8bEU%2F1%2BIkttoPOWwQpj4ZQ4KchwFfZnlybuIFFSthtM%2B9tNGm7o9E%2BWF15SXXHYO%2FCa2UstMLUw5jUfuH5YZJ%2FH4xRT%2B%2BcyiaSAj0XoT3%2Ftl11ochvr1xjCGMOK3sydHnsSizTf%2Fv6d9iuWyyHbrW7Kj4qQnKGpbM9IjRz8MrMQK%2ByY26TE7oFQ%3D%3D','2024-11-19 13:57:45','2024-11-19 13:57:45'),(71,'https://storage.googleapis.com/hatshop-bc917.appspot.com/audios/1731999459851-eco2018_Test01_0223.mp3?GoogleAccessId=firebase-adminsdk-1dr9u%40hatshop-bc917.iam.gserviceaccount.com&Expires=16446992400&Signature=tn2wXxlyJmXbE%2FLGkvsyvKTW9732DXDj2Q4wEf5%2FqPRBABKMuRepX9Bf27Mz8qMPfCVDJCkpZ1ysQKHCNf2MKM2ELN10z7qibuoUJl2fZjnOUFRf3ZWCX1ZGkBTaHTzlMfCVCZomb%2BaJ58DSW0fHUTQdWwxhHqf5BNCRS2D3kaAqQQm8ziECwnJkix3MAiB%2BqFiFOSjTl71h0YUX5dc%2F4FQlV7biGz3q9UGEvcxdGHVC%2BuhUp4tq51qZ4jVS8j8DKe%2Fwl99h2A2wjp2IxQqsGS1tJR2%2FPasc17fwvjIxQfwdUESkZ8my1%2BkYK6Uu9NwvUyWPMp94V49BMkUEDqaeRg%3D%3D','2024-11-19 13:57:45','2024-11-19 13:57:45'),(72,'https://storage.googleapis.com/hatshop-bc917.appspot.com/audios/1731999460591-eco2018_Test01_0206.mp3?GoogleAccessId=firebase-adminsdk-1dr9u%40hatshop-bc917.iam.gserviceaccount.com&Expires=16446992400&Signature=5lLH0%2F7ozEOMFDFrpXkxnMkzujgCHHlgDY7O14%2F8PEsYp%2FAHrkahGqTFlcR2FN%2BrdWbFyEnXfB2fF4U3FWXEOQk6VXWSaXU8Ng%2F2LIlR2eK6%2F1%2BWux7iPafEy1ljDU3JX65uU%2F4BMUlWO5LjCKwe%2BmZrquHdZXLoi3Mvq39uuCmbuAtyVkbwTUZjwUxLpAbq6UCT3H%2BMiDfc9FW90BGvW8m85EpRuy9J7XVsHtwVLmJ6ypxR5WBxwSgDZXnYWohOKij248HtXLtqpjVMSApn5nHWl5c8YAfWxwH3o9KBFvtObZ0VC3jpVKzpqfF1o%2B1KRhe7qSIAPU7Y1uWNqgOmww%3D%3D','2024-11-19 13:57:45','2024-11-19 13:57:45'),(73,'https://storage.googleapis.com/hatshop-bc917.appspot.com/audios/1731999456984-eco2018_Test01_0215.mp3?GoogleAccessId=firebase-adminsdk-1dr9u%40hatshop-bc917.iam.gserviceaccount.com&Expires=16446992400&Signature=9Gqgz%2BSELdM4OlvRHufMzzw03Izv3dxErHR4n%2BU%2BYXRGsx%2Fkz5VUh9zHmGIrvXImMd75B3OyL1pcevMgo%2BWyc9OpPNohlYkCcEdLIQNgPsKsJ5o5Jxy0laFbiGZ3LzPYWpCIhV7oDanstpHvmM3rekXyDzlSayQuXp0WJ8zktRZ0l%2B09bTawZ4F5XeJz%2F0anSKUxRU7rOD9FUpphj5fCxpu%2FKS2bKmb5nbE%2Ft3kGZeHf0Se87tYwv9%2FHRTUiZc2bgGEA0Y0F15GbUZKRTuPIJYVrjiehvWwan1nnxAEPVegs8N9InuRROO5BpucRynWUWWxlOPsRIiT5xlXLPpyDJA%3D%3D','2024-11-19 13:57:45','2024-11-19 13:57:45'),(74,'https://storage.googleapis.com/hatshop-bc917.appspot.com/audios/1731999460842-eco2018_Test01_0216.mp3?GoogleAccessId=firebase-adminsdk-1dr9u%40hatshop-bc917.iam.gserviceaccount.com&Expires=16446992400&Signature=VfFTwoe9fKewu%2BVPj6HCt0ihi27eorpd%2BSgwSamSJ7U4vYuv%2Bg62Hbv1iV1BLhlvwIS%2F7Ru9m0JDIHRU9jJqteJYV1Fmp3HXkEfrdRmiGwQKRmgbrApVfGsIRI7eoLnU2045koOb4MpP0ng3Cu3j27ooLjSIWq3ZF0GTIV26fMd5vQ4xbrkfpgpKxrrkaba2zEZCd6ZyamZyTOOTMzvmWfp9cYkqyz13qxtF4tGXl7oZ8JhF5Masi%2BUkK99800WK9MiH3A8HRI%2B7QfZo7UuRq9Z%2BBVzm0D2%2BhXKB6vQw%2F84epNRuzr0SqerI8q5o%2BViRVpoTN2oN8t0ab4c0Tfs0uA%3D%3D','2024-11-19 13:57:45','2024-11-19 13:57:45'),(75,'https://storage.googleapis.com/hatshop-bc917.appspot.com/audios/1731999461080-eco2018_Test01_0205.mp3?GoogleAccessId=firebase-adminsdk-1dr9u%40hatshop-bc917.iam.gserviceaccount.com&Expires=16446992400&Signature=7i2xzbN3a3mh0Y40qJ9qXSuZ7BymueDIaFd8CLwch0ZUj4uLpaeUrj1e55%2BYbqKp6DU%2F9b5vjzrBxiw1ZqnZ8mST8r5J54ciOZLyT2CuqxThqfRHufRAGrXVdhBsrwH4n2gW8n6yGJ0KrnKEen%2F2UdNMvCApSavc1GkBWCqPcqFMuinay%2F%2FVG1XNa4jt7%2F%2B16f8FYKThqATAeMGgZ2%2BkCIQzZwOa4sux4la3QBmX87V1BwaAr3MR2r%2Fwf%2FvX2uPIzax9TU%2BGiq9hpgbubz6QZTNq11c8vmTICvp9m51PAJrwQFOXacvq9T1MaHapBOxGAih%2FsN1oZ3o9PHi7%2FJvVtA%3D%3D','2024-11-19 13:57:45','2024-11-19 13:57:45'),(76,'https://storage.googleapis.com/hatshop-bc917.appspot.com/audios/1731999454692-eco2018_Test01_0204.mp3?GoogleAccessId=firebase-adminsdk-1dr9u%40hatshop-bc917.iam.gserviceaccount.com&Expires=16446992400&Signature=hx45K4AKt0Le3kQ8WTX2uvmTiRyFW0gaWHurjSouo6Q1am6N8o59FYjNboSBkW4XMUouTcp6dhd7v6HHS7lhczUDZd8ogkMjGCakhYS816FXEew6pn4glj8rteibmUI8ryTmJTJ3tA7NY3gs1naeXVXza5r35QXTBMiiUQCN2af4f8u0vUDlidTCfR8s4%2BBWwx1RRMyY7jnzKS4BOue1oovRey0IBgkpUXBVCz01wu2SSzgNgcpfXuUdZYOWuTqrKUPW8dWlG2THOdZrWj50Ps4XeIyu8%2Fsd6pIabfRKOLgowUP35VWXpkz05Af0oRpJ2Ddd%2BGdLZDhcBvvxZcNPUQ%3D%3D','2024-11-19 13:57:45','2024-11-19 13:57:45'),(77,'https://storage.googleapis.com/hatshop-bc917.appspot.com/audios/1731999454683-eco2018_Test01_0213.mp3?GoogleAccessId=firebase-adminsdk-1dr9u%40hatshop-bc917.iam.gserviceaccount.com&Expires=16446992400&Signature=txRdlREz8fuXsjPIhGo5yWGF%2FXce%2B1k5RbzrnX9TKRlsg2ZY67y9DtYhlyKSKFdvkUssn51lGk3VmRXOREAqCQ%2FjTcVH0YMfgpwFvxpkeDUxbOp%2FKt4cJb8strNYipjA47i0cSDoiyjDEz976whHJM6NRRgc9%2BHgJdIzUzmHpn90tdNd6Xk0iq%2FimzHiFn40sKTVmPmTxYXIPufc%2FxdVsfvZohIR7R6nZrVLVhTF5iM95tmGLtyGy2Yr5cGSe8ThgNagg6A2e1qm%2B2hTzm%2F%2FAYCQEYMNgFVy%2FU6lKyl10zmjzDrvI%2Fdqn7boQC7JVsiscYhJ1Dby0yVHoO4b6JAUlw%3D%3D','2024-11-19 13:57:45','2024-11-19 13:57:45'),(78,'https://storage.googleapis.com/hatshop-bc917.appspot.com/audios/1731999456918-eco2018_Test01_0214.mp3?GoogleAccessId=firebase-adminsdk-1dr9u%40hatshop-bc917.iam.gserviceaccount.com&Expires=16446992400&Signature=ADiQGxiBhpwFl3bFtkLodlh2dbPtauc9VbikJX9KczgV%2BqhR0tIoZ494ttzEWTxLfpPt0RChBUKlYVqq2rNVzJuQCLs1hKg1Gb3ea1QzTiTQOvezGFZsZZ%2BUHZi8bl%2BjlHL9I0ZgjK6aJsmrHHbKGnSvBzudVjLfUFX%2FsrhdH7Pm7eR0%2BMCqhwpzL28aGlmpJCMCH1IZi0ivnS5jdlj1SrTv0JccmB7NVyzJvZq2NHnUaks1llJSwW7JauhiP8lwmg256EqfO9Iuhxng1HutZ3tXhl7Wty1qmbSIs0thAB8aba6m75W64el85br85AH3FU6Ot9j3ZuaSbX1hHz1t5Q%3D%3D','2024-11-19 13:57:45','2024-11-19 13:57:45'),(79,'https://storage.googleapis.com/hatshop-bc917.appspot.com/audios/1731999454684-eco2018_Test01_0218.mp3?GoogleAccessId=firebase-adminsdk-1dr9u%40hatshop-bc917.iam.gserviceaccount.com&Expires=16446992400&Signature=dwfqow%2B9ZbcC0%2FfMqfqjks8gpm54JloIi8mG3HNuoHbxy79pO6nizitXtW97y4qO4OkwkvKITo8hhCcUbjHX%2BfOI2bFtALrVIEKB%2F3Xt90ZEaX0JGS1TRPi2%2Fbf76niXHbRPhUmRJJ2kVcu4P1tNh4e82g6vOFa%2F3TKfK3x4cLIwNrF4QGBYyZYN71H2VTLpDO24QRXdOl1cP5h0aVf5j0jlAoTs66PEoWU0XyM%2B7tBvbv5Di8lZsOdHPgMC%2F4SgoOPw3cYdcD0gRWkBYeyhed2jbLoZKdSNyyPVP1%2F0puyO6BnnoKGkRHSaSpY%2BMAyPT8S08fF%2Fir7Akk8CaPj3jQ%3D%3D','2024-11-19 13:57:45','2024-11-19 13:57:45'),(80,'https://storage.googleapis.com/hatshop-bc917.appspot.com/audios/1731999456996-eco2018_Test01_0203.mp3?GoogleAccessId=firebase-adminsdk-1dr9u%40hatshop-bc917.iam.gserviceaccount.com&Expires=16446992400&Signature=bb2ZE88Dul0MpDoA%2BfpXXfB6b%2BWxTnf2Em7VqXDnV6TmKRkV%2F%2BaqIq%2FiSeeRIipJDpnKC5X9lsR09gfaNdzy18wClydBOqe7djqKAUIiINFX8j4ejyEJQ2Ux6jNjCFD16W7sq8AQd%2BEuu%2BQ7t3X67YB3uOTPaAlzaV58m744k%2F2P7iHsbIuK0RwCASNOwSWJDHxPzjm1a0hQAV9I5InLQKdSz33IdqWA0A00V%2BmY9ivHDnh0Z9kTq%2FXq%2F%2BtpYRTrurbF18Cjk%2BNPBdOZRjSb0ww2Umb22wXH5plfCdlUzjUa5f8W7Zo%2BExY%2F3R4hFRADTSC3E8WcnWQXpDhK7jtDmQ%3D%3D','2024-11-19 13:57:45','2024-11-19 13:57:45'),(81,'https://storage.googleapis.com/hatshop-bc917.appspot.com/audios/1731999457007-eco2018_Test01_0217.mp3?GoogleAccessId=firebase-adminsdk-1dr9u%40hatshop-bc917.iam.gserviceaccount.com&Expires=16446992400&Signature=1EZQCfNqjYUP9IM1j9SGeaXG%2F0o8dN45JOE5Ny15MYgw74wldkucskZ0tVbDm3XahCwEoRT8MLy7IOyq2IOU0DQrA8xGhWQ6tWHLZwcEu6Z%2FeCOLhVRJ3Txh3twIzjZ1wWmq%2Bz1IwYCJJbOiaEo2q199on6v0OSYOpmfNkPiMe7pj7Z5WuOWNs%2F4znujN%2B02ewsXh4WhYDmPqcUj2cScW%2BTICvp%2B6ymgye8EqfBKPXMr81BLA4rn5J1rmVDAqInXc0zo4fVKM2nDEK9Z2dyRKqoBroD69Lv0Uz7VVV1vAl7yd%2BMsr6Fk%2FYL%2BM5AuwNZaOQehFsbSWMnu5j3pPvS8rQ%3D%3D','2024-11-19 13:57:45','2024-11-19 13:57:45'),(82,'https://storage.googleapis.com/hatshop-bc917.appspot.com/audios/1731999457948-80079662.mp3?GoogleAccessId=firebase-adminsdk-1dr9u%40hatshop-bc917.iam.gserviceaccount.com&Expires=16446992400&Signature=kmxUyIfIcqWBWxsZEtEOvAoyp807qvg8EKB5cDk35EBHsVORKy%2BA9NsN4aa0KxxvR1N1FeWekB%2B3PcScB%2FnGEnGiQn7Q%2Fdm9dz2ENa3b%2BWSHL9WfY%2FXPWSMc65HYzhlAdalNeHKobcpDetyfz6OS7hx6UYk2W1vMj8v%2FSOvDSpc0D7LKJJwiv740oyHNDaGu1pTrzTrqrjZiZPMwQ5i4aY%2FCTZqAEM7meo87D%2FbHv47bpkfhG5EzxAeeEQrFulqi9jrxrLGAOwcatwZaudL4qwSLG6wzESHlD0vNHE%2BKs92PNyKoa%2FTlGEfNofymIwitiAZDGSm4vKbV9%2B9io6H%2BoA%3D%3D','2024-11-19 13:57:45','2024-11-19 13:57:45'),(83,'https://storage.googleapis.com/hatshop-bc917.appspot.com/audios/1731999458312-eco2018_Test01_0208.mp3?GoogleAccessId=firebase-adminsdk-1dr9u%40hatshop-bc917.iam.gserviceaccount.com&Expires=16446992400&Signature=E%2F98sSXq561hxWFuUABEltNPWO%2Fkic55a%2F%2F31XkR5O6kOJDCHY9HZUnGq4uhE3PKK93sVew3aU0qQdD5oFVbhKa563HNZyRJ7JOMDs3H%2FN%2BhPIL1YY7HN5MIS6LRtIXcoxilJc6ZN73KF96KGpeNMi%2B%2F4ca3%2F0mOnUL%2FEfiY48BNYkfnydsY2yor5guBDJaS0w%2BR%2F7wZbMDaeSj4Xc2iZpIIx14lj7T3HN1qLcmaGcAnHMfW5yYR42eGxm4OnqH1qbZUC1S%2FT48fhXZfxCqEw%2BTpT00XeCFa%2FDKllkbJ2jKAHRMiyMyNjkgmNRlVGLsKB%2B8nTLUdHme%2FRnds5QgJfg%3D%3D','2024-11-19 13:57:45','2024-11-19 13:57:45'),(84,'https://storage.googleapis.com/hatshop-bc917.appspot.com/audios/1731999458279-eco2018_Test01_0209.mp3?GoogleAccessId=firebase-adminsdk-1dr9u%40hatshop-bc917.iam.gserviceaccount.com&Expires=16446992400&Signature=PTQB1H9s2N23N3iN3YqO2ltORTC8IJ%2BvhZs%2BnXaHUg5Fc4xr6TKhQzArDHVCERMKY2JkcB2wZVcTIMbS8DlDV7EoQTlT50A64Et0eFVvWGAyzPadqLr7UT1rWj74YiIxD36VHDtabjmnr4Df4mNbMrtpXYyMR128KVzcm9f%2BeNlf8EDwu5ICaPHyGQ7kuRGzGyJXN%2FeRcTxzi7v1B%2BLFj%2Fw9aPBjBjMOhlw6cCGnL4npGz%2FT%2FU5H8HudovbiLnJu%2FSOYsPYoZ8m9OKP%2FPgXM3woMl1zF97qbJjG2Peeq%2B1%2Fojqv8Waj1Fj8t%2BpfNPMkyezLCBzej3FAVUlSYRnovYw%3D%3D','2024-11-19 13:57:45','2024-11-19 13:57:45'),(85,'https://storage.googleapis.com/hatshop-bc917.appspot.com/audios/1731999458447-eco2018_Test01_0224.mp3?GoogleAccessId=firebase-adminsdk-1dr9u%40hatshop-bc917.iam.gserviceaccount.com&Expires=16446992400&Signature=QAwbg%2BYE%2FFuTkDnm4mlvwWfeQru76acyao9KQFK9zHuKKpICmIBf%2FlVQwzE2cEEyILX5jjFlD9rTdgo8OMRQ%2BojeiFmHfJm5g4dJIFu%2FTl1ab0MPxvpslMoOmxBfPzfP8zihC8Ced3sqDufOTei5t6imycqextsG9FNEujUFkl%2FXD7DZ4V8gDmU0Ioqb0FuZZq%2BNBTqXp%2FUVnWFwnIfi62CRRWtuLrq13u4cyxdEwG90IgUEScPtNop2gtr3JTd45iNi4yrXCwTGjWBs4XCWHv135nel%2FGNkvDF26eLSboQyDPXy1RLC70wy4uLZBIOb5TPoSQ0pAlnHuAjrX1hGZA%3D%3D','2024-11-19 13:57:45','2024-11-19 13:57:45'),(86,'https://storage.googleapis.com/hatshop-bc917.appspot.com/audios/1731999458359-eco2018_Test01_0221.mp3?GoogleAccessId=firebase-adminsdk-1dr9u%40hatshop-bc917.iam.gserviceaccount.com&Expires=16446992400&Signature=Mqx0K3sYrPkDkDY1AbirMheAeaxQzP0xL0r%2FCkVIfuIBZmIJDYQolBSjsmCpPP%2F%2BT8xeCIhDQZJXHEvKIjRMbRirVIRWOlb%2FSbVOevD2njYYJBsVT1VzykpdegYd1HixL8%2Fn%2FHB%2Fl1QDhf6lLcB8XKK%2Bqv0latqq4dbX%2B4SRycI3W8hNkccRFIvbCTlYT%2FAkBb07zhV74eu7gnbsweRG55DIQCbWSX%2FBkfE7XgQ68Z0kvxTy4znX7aq0hU2tq0Vgw9If7GaspLduqXVKV82p%2BMOh%2BP1zUxxj5eHQm8BJA6mjRwpZjaneJodTZ8BigFxFhrPORg8IJTQR76XyQkfdAQ%3D%3D','2024-11-19 13:57:45','2024-11-19 13:57:45'),(93,'https://storage.googleapis.com/hatshop-bc917.appspot.com/audios/1732451325509-81452777.mp3?GoogleAccessId=firebase-adminsdk-1dr9u%40hatshop-bc917.iam.gserviceaccount.com&Expires=16446992400&Signature=pFR5h0AtNOB%2FEfr%2FZ2sdYVfpI8zLIdwHSXd0UX9k0fXsP%2F%2Bcha1XIaw3dWnxHyfDgJDKCtWIWfUtClqeCqydH9GQf%2BqlPYJrpbjuejQMe4L1U8Z8U%2FI9v8%2FsmCaSXT%2Begk05x5O4CPiyWSP7AD29uPxSt6YlnzgzrCmNqX%2Fc5zzqcMn8xmA2kanN%2B4cJ66EZjrh%2FO9eGpRQ2Vrp3RLforjcVIUc2YTAAzNQXDT00TBMG6BO1TTih%2FxnQ1ZTZWnahIagF0HXM2ul9SokOxVUTBxb0%2FWLLliUKOnu1LPSC4MB8BbIFq7A8eAq45FxMQjjj66EiSXpbz5tCH9%2BaOVe0XA%3D%3D','2024-11-24 19:28:49','2024-11-24 19:28:49'),(94,'https://storage.googleapis.com/hatshop-bc917.appspot.com/audios/1732451325504-41293683.mp3?GoogleAccessId=firebase-adminsdk-1dr9u%40hatshop-bc917.iam.gserviceaccount.com&Expires=16446992400&Signature=95Z%2FMa8V9g9rTy4cQYhsps4fRgXNplPQz6nAelXiH5ndgRXqYru2s9gj%2F6tshL9Z177EHQO%2Fh8l%2FiF0KxsF%2BVnVaTbkSYrHDSvo50ofjq4Mk8OZD2KtWh0s6OewSR1FcUabk12ZSIict3He%2FCnPt0wAOgXgKZszatyu5hjnSWqWS9xxyz2HoSnioEVNTByJ1CHB3xtaJB9UgElPH%2FUmquwV1PaByXPU2vEBS3g15YDDbC2EL8QR9ZVZBulkurhACvH%2BKshrk5ql339lABucVCltKBMvF%2BQAyROKPam%2Fp0FMNpopnnlA6gnynGtc3%2F2Gk4UMyuPUuLVi23tGB1d4Gaw%3D%3D','2024-11-24 19:28:49','2024-11-24 19:28:49'),(95,'https://storage.googleapis.com/hatshop-bc917.appspot.com/audios/1732451325513-48481214.mp3?GoogleAccessId=firebase-adminsdk-1dr9u%40hatshop-bc917.iam.gserviceaccount.com&Expires=16446992400&Signature=QKjqqHxMf0vs1CPrHGOx%2F9iSRmiOtINUjF1hUahV9u3TcL0mRaW7MekDaV%2ByX35tAolgioFAiMdXmKiXA4lIv%2B4MAzioeVTvRzsjvw6GRNmbGa6y2fwxP%2FNhXvb4wtHYmPx5fMR4lnpcqSMOT42eTHQ73%2F%2Bih2ewBrVk5928jjkgvBECWTZ5ezFcZQXURtQBq0UNKaGSldexRL6X8qBuhhkhGx6hSiroUrTIGD9UzcCraZZAJ1VBA%2BEeA2F%2BdARQ2R4VxQTtz1ci9pnBPTHYqrJ%2FXF3y5H9aqkml8gCN5%2BSgrm%2Bg0zDgrlRqr4pts8%2BKzLDLHGitTwpikCYzTb92zA%3D%3D','2024-11-24 19:28:49','2024-11-24 19:28:49'),(96,'https://storage.googleapis.com/hatshop-bc917.appspot.com/audios/1732451325505-27158974.mp3?GoogleAccessId=firebase-adminsdk-1dr9u%40hatshop-bc917.iam.gserviceaccount.com&Expires=16446992400&Signature=HIO0quXXoepAtFVMYwgzQHoalvgZDbIbWAh7GGsfnczg9xdga%2BZVyf7SdQo%2FF4eZJ8TFyJ%2BYLFcXOUcT%2BNEJHs3%2BrtYTZ%2FOAzhCxnFO953Tos9byIQckoFP54Pi4fQv4I2ISyISpODw%2FS4RoJ2QOcfNZlsQeeqX8UvfvTf2z%2F7JXZFuJ%2Bzm34gSZG0iBzMkleyimBTMZLN%2FhHqx2vq5baL%2FXe5XXLYPOmKab%2BhgkqIVGhiLbYHeRX90mMlwxc43uCRJMCHTcCyum%2FSWZH6eCjXO8lTPyIyZUOiO5q6hdGFx%2BZ5U%2FvnTK54WYsimw%2FaGPsT8MMGC7QkaLmm96Rfm2SA%3D%3D','2024-11-24 19:28:49','2024-11-24 19:28:49'),(97,'https://storage.googleapis.com/hatshop-bc917.appspot.com/audios/1732451325512-87425510.mp3?GoogleAccessId=firebase-adminsdk-1dr9u%40hatshop-bc917.iam.gserviceaccount.com&Expires=16446992400&Signature=DdPPaiFRM%2FeZXmeGK6jCWehDE8c9gcFklGqBM6gc13glLSgepxjY1g1OpMF8tw48MAUmHmwJNLYBp22PPAqIGm%2Fu9kJiU15nUrF318b2SY8Ut3F0Skdrf7NAMz%2FujH%2B8O9BCT5cUKqNeFlO342NHrELDpxj4vwUqbxVgVMClZjsjp8lHy6PSmmFSVnJIrVgFzuhnUlMy8WVn2BsovuYU1G2Brj0Tfbs0%2Fpe41tzN%2B7KofFb2SZpB1GEkN1xo0gwTJ9l1u%2BGsfGoQWb4odVHrbliOPRJ6Rr%2FfK8O5%2FcLJDwY4%2BNoaFFyXDpGU1JvWJvSSk6WQhp2DGmlZJJRTaqjoZw%3D%3D','2024-11-24 19:28:49','2024-11-24 19:28:49'),(98,'https://storage.googleapis.com/hatshop-bc917.appspot.com/audios/1732451325507-21445087.mp3?GoogleAccessId=firebase-adminsdk-1dr9u%40hatshop-bc917.iam.gserviceaccount.com&Expires=16446992400&Signature=N%2BI6dHlikm6QPbJi711Sml3GR%2F0E8QffWCGp9NIz1M24SVmJ3L32c2n6srOgpXvqPxCz1rMU5RDCzsP86lrWEbYAVJPwK609S6xan64iW37WDT4ZLvPK6iGwp7HYnES84is2ChcBcvpgIR8SqHUUztaMdwfCIZwxhlz%2B4yknCrEHlYifVHf0j%2BVVI%2FrKcaQ3LULlYF0wrQ0%2Bj7ObDJiS55DETi8ZRyRxmK%2FwIfo0l9mFk9trzutKgLWHjLFldqyeLPyv9S23BIZin1veDKyCE1e0UO47bxhPeYGjgtn7y8Cw4HPNz%2FjgCPaUSJFMhOURM4%2Ft175BZPg0wzwBKmp1wQ%3D%3D','2024-11-24 19:28:50','2024-11-24 19:28:50'),(99,'https://storage.googleapis.com/hatshop-bc917.appspot.com/audios/1732451746848-65823179.mp3?GoogleAccessId=firebase-adminsdk-1dr9u%40hatshop-bc917.iam.gserviceaccount.com&Expires=16446992400&Signature=MllVaw2n%2BXnl5JyKqf3SJKDlFDBiQqKTxZ5LFdXfg%2FbQvc4SeoPrymf3uFTM7EjiPZlcxhqX949khGG73B9LCAyHHWr%2FiSscKET6Wf%2BL6tszVjBBQtqlBFOqWypvkQjzmNnr%2BXga%2B5xOBqfXFbsJSJLkzngOu3EV%2BarzmX78KmNvXMI944VAw4KdIKHUDI%2BSjcRpyuJVnjbH6xbqnIldOOXA4I%2BYHGt93WmGJfo4wD033FledxvGW%2FdZDgiUugP3qwVRhVQ0aXs7FLcDFBZYiO%2FhCZKifApV7K4cq8Hbu3b%2FYj2yOhH7nAQD4qOFkH3cJId3p8eNQkJTqnngN7ET7g%3D%3D','2024-11-24 19:35:51','2024-11-24 19:35:51'),(100,'https://storage.googleapis.com/hatshop-bc917.appspot.com/audios/1732451748245-55914976.mp3?GoogleAccessId=firebase-adminsdk-1dr9u%40hatshop-bc917.iam.gserviceaccount.com&Expires=16446992400&Signature=FlE%2F3kt%2B%2BbYO3%2FFm9ma4vjj%2BcT9JJl50psWeinlI%2F76G8j88VNzuWzKC1WuNkjCBD78giZgMVmSLMlbNA5xOXDVH3etiOXf2Z3RplN2jYVlONKmdZCFn857Mi6kdSxZfFzkPgwk9EIXGYb57Z3gNrchi%2FaTuZN81GbJEiNA3fqHuDxO2g8FYMWAAxN213AO4%2FvQmqFMRELbUQzi18f1HaWI8dID2PfOQET2ckTyoJdaR3uLCeTE%2BUrvVyudo5jfii6UDYkE2qxnrgVhAMSUW8DqJPYHrKVEW%2FT2Z3DEeVfdB7E7mGdSfx4OOkJJmsoPutljCV0huu83pt2cFp6v2IQ%3D%3D','2024-11-24 19:35:51','2024-11-24 19:35:51'),(101,'https://storage.googleapis.com/hatshop-bc917.appspot.com/audios/1732451746793-65823179.mp3?GoogleAccessId=firebase-adminsdk-1dr9u%40hatshop-bc917.iam.gserviceaccount.com&Expires=16446992400&Signature=Rwv2lunNj7TcYeI5tWA2nko8bRbZXQ7YwbM%2FWp48%2F5pzBLNKlYVdpegJ7t0UHM96cJw0sXBgxpEteXX6miDsB%2BOTP3UQ56NNmu2rKJBIXCZGnhjadPhNsxOr4dDtlmiulgAplIGYRSMGobxT26EZmlMfNpo2idwQs8SnSd1nLSsFGpjouhsUKbf9l52%2BKdHaV8FzY3%2BzRxNPF%2F5ddW%2FwbzPf6%2FPnn44WyvOHHZwUQ5I8h2I7x9SlkY5CgTEihzlHia%2FqqQl4opypSqZXwymDePlZ%2BCyZ2JUA0SD2eh6H0R8gIhaUmBOuDdXzhPxJ3EtAU5Hmqgo1vLnmS9ydexEzag%3D%3D','2024-11-24 19:35:51','2024-11-24 19:35:51'),(102,'https://storage.googleapis.com/hatshop-bc917.appspot.com/audios/1732451746856-94243671.mp3?GoogleAccessId=firebase-adminsdk-1dr9u%40hatshop-bc917.iam.gserviceaccount.com&Expires=16446992400&Signature=PZpFsrgyFINWKkX91wcTb7%2F%2BxlLDIZK8cExKwHFc9GRruyKn%2Fyidz3dcKqj4nwRZHNdlbqDk3Wq7rQ%2BDaWXp5EVJUd6akMGRzwBV3MzaK3chrr8tUAWQ67yz70XSMo27BwgKUH5dJ1cfmhYkzvNuVKsRF1H1lgf9mRsG86DAD3XpcNRcfINK%2BVnYeVWTdRq7%2BmrwAHDye8j17kr0%2FnKne9tRxutbTJzBnvSyamTgjrfj5RPoxMUAjfrWA40fL%2BpnbLRO2nsASOc2azFeuaLEwqKJFMeIq7j%2FKacODUjWoxa5vDtbtz4xmQsUzjhjFjKJk3BOCWn8NDGpoX%2FAyrk4ig%3D%3D','2024-11-24 19:35:51','2024-11-24 19:35:51'),(103,'https://storage.googleapis.com/hatshop-bc917.appspot.com/audios/1732451746863-66607451.mp3?GoogleAccessId=firebase-adminsdk-1dr9u%40hatshop-bc917.iam.gserviceaccount.com&Expires=16446992400&Signature=o3sab7xdtPYqr2ar1%2F9pH6ueFLMAKH75ptfx8NSNwyy7byBMRJsaiXooHSh2XgjQ6KD8gU3EyfkADVxrmWrWAhi%2FLPHPi1uNKkGhV5ciiLk%2F4wl%2B2z%2FnCUzE1YgPKsZVeLYqw3P9XurGpTU21bD2PwpMvsU30ona73VW2PAwLEXZFYEozQxo%2F7co5AOHMsdWjgxtHtCz8u%2BQYeBhAug4CVHYzXJdMLNgqXfA6ofmcdMjM3V0bO40Pml0uU4ScM1NnOqErTT2ugxOo%2FRJMoNFpqDyVYfd551AnZq6fFjrsvZjf9liMroEh3vNRZkIEw1mAH2HX8umKUCBNTT4OINQ2w%3D%3D','2024-11-24 19:35:51','2024-11-24 19:35:51'),(104,'https://storage.googleapis.com/hatshop-bc917.appspot.com/audios/1732451748246-67636425.mp3?GoogleAccessId=firebase-adminsdk-1dr9u%40hatshop-bc917.iam.gserviceaccount.com&Expires=16446992400&Signature=0HrJT6%2FcwKupX0ZwZpAb2BTJkVmrjUMs1%2BXm%2B6zXhg79qRZMsKnZluVroGkNzfcsf0sYoN05%2BVHwTxUjn4r4fpGO1I4DrKGiKU%2BcaRiWYW5zukC2kAJOkb2Ut6q%2FBymmAmBeePEB83sh3%2Begz6fCNQxZ4vGx04sBbODD3WsH%2FLyPNi7iK9h3BI86WINF8i0cvuR2%2BQDGwnDWGYxRFRpu5rK%2FE89ruqS2YE6ffPrF9XOU2%2Fj7Fg20r2aJFPzj3YASXfuU%2Bb8nNJp7BykS6Qz19rWPdW4vGu5rhCwLk2sEogX2cqWuI77fiL7K%2Bg3U8ZF51QifpIX7lkvu25Kl4sQlMA%3D%3D','2024-11-24 19:35:52','2024-11-24 19:35:52'),(123,'https://storage.googleapis.com/hatshop-bc917.appspot.com/audios/1732501971978-eco2018_Test01_0304.mp3?GoogleAccessId=firebase-adminsdk-1dr9u%40hatshop-bc917.iam.gserviceaccount.com&Expires=16446992400&Signature=bF4Zg6ke%2BWMVYa86onCQmpfsGYQXS9jxf%2FE1VNJ8wc28RUa%2B3ndCbAfIE2W1eP%2F3Zk3B5FLYZNy2EeSFIRh%2Bq6in5BKLoRfpSbKag%2Ba9gOx3tAxXYGttcDYdbLV4kMHsYRpHxb6DnMX8eHF4KpleEzWGfkeLaNhl%2FTj0JTmQeWOobWpg58ymndNQdPIstbaVBoNAPKpOb7NjxHSZbt%2FXhP2pCcltknzUhx0bAnH%2FbDWSndyl6VRua8DkEcXOppD4S98DZwqvouGPF7HaNAjNVoZhNDLhAzQOgEUhNqPiG7mR0ptRAr70kQmk7cmm4mYbS9NHmrSB%2F43PFfXkOdscmg%3D%3D','2024-11-25 09:32:55','2024-11-25 09:32:55'),(124,'https://storage.googleapis.com/hatshop-bc917.appspot.com/audios/1732501972004-eco2018_Test01_0305.mp3?GoogleAccessId=firebase-adminsdk-1dr9u%40hatshop-bc917.iam.gserviceaccount.com&Expires=16446992400&Signature=V86KwBWHGt0AMUcuy9Cr7uymmVcGCOUNnHC2rCRjrUTR2fz1bDqDyjvZAohDT0aePHBW%2B%2FyZ%2F%2F%2BWIpxrzaGV2OUlQ60RvKAjWfTjaos1LEU8IcN%2FiA%2FiuzJ4SbnFUYfEMfTjNWhCRthYgCH9jYGn5yRarP2AbdPhpJpV4XfBvf%2FdNVTeIDXZwSGGs4DGlzoyDctMc4jbFvVGy9jeiamii9FvFk5jgSa73oN6gdlm7nRYIovWHXm62vmWU4dii0fyWG3Rhf9s7UbKcGHBBsy7e6zowZa2hNlM3oFnypMIcpvN%2FkvLPo53qnUABVVCyPpLJ4bWKqWRCLf%2B3Tv3vc1x7g%3D%3D','2024-11-25 09:32:55','2024-11-25 09:32:55'),(125,'https://storage.googleapis.com/hatshop-bc917.appspot.com/audios/1732502819739-eco2018_Test01_0305.mp3?GoogleAccessId=firebase-adminsdk-1dr9u%40hatshop-bc917.iam.gserviceaccount.com&Expires=16446992400&Signature=DOTTVhFpyJGsbePA%2Feqn6mC%2BK%2BFUIuzHHtgemo0LZHDGO94o%2BExMWyXEof%2FZxQ0Vjk1DIMLwtgrD8Jq9LUmhHcgD0sXntSy9tniSqXCVhT%2F8Gt0qcyU5Uchjpq07h%2FafXPwic%2BzfAmxknR4URWdlWY9s24wg25oMDojq1rmKUUGnrS%2F3M2nww7m%2FEXZS4W7bqD3BNMuR%2Bo%2BKTkEjtXE7jcieRlqUcdvHztnFEl%2B0YhCD9gboeUy3G6HLCbwhij164VJXVX7ZHmM2Jcw0wmQaNjb1EFJraBwRxuaPVtKt%2FaJXFdc6m%2Fe7yxNPLcmAIcE%2Fn86ud9iVPaMA%2FdHYDxZkLQ%3D%3D','2024-11-25 09:47:03','2024-11-25 09:47:03'),(126,'https://storage.googleapis.com/hatshop-bc917.appspot.com/audios/1732502819745-eco2018_Test01_0304.mp3?GoogleAccessId=firebase-adminsdk-1dr9u%40hatshop-bc917.iam.gserviceaccount.com&Expires=16446992400&Signature=o9StxwlpSsH5ZhpaASEXRqRzIHJBZ90brN2LpIPTq2B%2BPLfwjpWvaoWBl8qKlSwInvMo%2BOyJHISVszpRWa7sy8VZmW22NLP6JWLpYLwbzLg0czi9peqEu0t%2BoZTOQ1knJEPdO7DhO4qUmPPfTj89h2%2FrcoUo%2FsEbcCrxZBa0sVTVIc%2Fbpkylu%2B0Afq8M9YkpeSWkotLt7y7j4v0nTGXzELIp6Jswlsm2PN10qS%2FMn1d1jbDnVdNJ20tW2FgCUQYblMt9awOcLB8JTDmF5cfEgpgHTYqU297iZkl51xkovkh1v17UPK5%2BPRTYhiKD%2FiIOV55CI6Whw3II9gnwYzCeEA%3D%3D','2024-11-25 09:47:03','2024-11-25 09:47:03'),(133,'https://storage.googleapis.com/hatshop-bc917.appspot.com/audios/1732783159834-65823179.mp3?GoogleAccessId=firebase-adminsdk-1dr9u%40hatshop-bc917.iam.gserviceaccount.com&Expires=16446992400&Signature=MwvrsORzYJNnjPjktFnJwrXS0kURIgDwJLLcMp47qwOcqzu7bWG00LTESleKAgimxD8%2BQjyfOMuyiGLwYnT%2Ft5sCYWYaIdUMWtvpbc9FNu3XCtApg8ldLPkouOL4365n5wR6diYFFq%2FphUnuGrgvj4UUZ1xYbLrsgmtU0GWBklziSmXDdJ1L0VmFpQaBjviwkDmLrrKlNhTRqlpYydu6qVaO55N1cywnzHsjchT78MZZPdkpPFR2HgHPzeFjgIy8YYgS2e9P9YKbFYCZLNMV0vK9Hza%2BI%2BddIDd6G3WMYyl0WRNQD%2BpT6%2FM7zlNfp%2FoWsmjwk2PD0xhvoRagCqSJVg%3D%3D','2024-11-28 15:39:23','2024-11-28 15:39:23'),(134,'https://storage.googleapis.com/hatshop-bc917.appspot.com/audios/1732783159870-66607451.mp3?GoogleAccessId=firebase-adminsdk-1dr9u%40hatshop-bc917.iam.gserviceaccount.com&Expires=16446992400&Signature=zw2KYV9cp5ZiAOOfvxnnYr7sFhlWKUCMCSO%2BKQ2EaBRWsboi9%2F80qvg3PMEODm6QR9dtoomt5KnSYkDzPO1lmvXlbEszGTz1cQKBCBzgVt9aswZW8I1zmjjGY%2BFn583zi8kWP1adlgv96I0Pl7Xk4V9She0hl25XX9qH1yfu5h2cn0VtwF4XD3AheA3MJMTCovxFo%2FVvKJ3bY8k3SF1Bdo%2BBISve%2BvNPlAFArw6uOk7kITg6CCQDoOVsCMj1IoKKPimzJGSa6aHsl%2FlG6%2FBPwWT1PKlFqZKsxVZC9MzkpANEz%2FNWestO0hqOQ1%2FA5mG%2Bf8do5Mo9Hb9RIb%2BUT4tneg%3D%3D','2024-11-28 15:39:23','2024-11-28 15:39:23'),(135,'https://storage.googleapis.com/hatshop-bc917.appspot.com/audios/1732783159839-55914976.mp3?GoogleAccessId=firebase-adminsdk-1dr9u%40hatshop-bc917.iam.gserviceaccount.com&Expires=16446992400&Signature=FCodutUTx1fc5fBPJNX%2FzB1lf24JnlGlyIivnSN0TAKtkhn7h8LSFJUSAUe1xAXtKzWishmgEu7sYYaghrCIFDtN7boQYj5ZIPj2GvfQqhCTwwXCor6J%2FVFUkR1CwmZnciugAYsIpbLmAQTddIjAg%2FDu0zAXiWFhEn6gEm%2FQD4PINF9gFWvqZsGZnwpq5XcKrKSA4jTKt03ZdHkPiuHu1kxE5EGC94XUESZDof9BC2TqnDLZhcoVE0bBY0VGsiB0u39Vyf0hqq2rC7e%2FhnrWqTELgoRmIjsQmbBs6yVSPqON8nQRnPi5FAVKmJkk9Zgb7TmHdCQ6X4CE1u%2BWyy%2Bogw%3D%3D','2024-11-28 15:39:23','2024-11-28 15:39:23'),(136,'https://storage.googleapis.com/hatshop-bc917.appspot.com/audios/1732783159794-65823179.mp3?GoogleAccessId=firebase-adminsdk-1dr9u%40hatshop-bc917.iam.gserviceaccount.com&Expires=16446992400&Signature=M1GTEXVKFEjC6poYFuZSY2uXnrLBJQylLwUj9U8XkVoRcQK59MO3%2FPTtKYAzylvd%2Fr4LS%2FEgBOohsziz0HyceC%2Bwp4idg%2BDp2IkCk1ZtDL%2BOeO9KtWRDpcyQ2wKeWc%2Bcelb3LGlM8PIso1s5CmuV3LF4K26DyC2WD3x75DkvWbPcMkil0%2BISc0PObbbyRzauREQKMeegalRt7hUCUrjMuWCxoG3Le18kPDfgYpW5NN6juxsu9kzx0GTv7d7iXjt8e%2BzZVV9l68WRCdUbpuXKDIQS%2BUmc1L2tKsrRGyqAaedu0h3C8ijFv5EwW4ScaDMeUXqe3LTFEWMLabWZXSiHhQ%3D%3D','2024-11-28 15:39:23','2024-11-28 15:39:23'),(137,'https://storage.googleapis.com/hatshop-bc917.appspot.com/audios/1732783159801-94243671.mp3?GoogleAccessId=firebase-adminsdk-1dr9u%40hatshop-bc917.iam.gserviceaccount.com&Expires=16446992400&Signature=ibcent8l2ZCAvfZ7eFvYQGKs1FuBfOSmNwcXmGXEX6VQMv6KLkvpBYJf75mGerw3o0V4vFq6%2BrkCJGsCTWL%2F1%2BsQJTqlX%2Brg6XcwUoq6xSgMYh4uOvJqQW2qXTbdWDfbvHyk0x4CLtrn1Xlja74ITipQQ33oCAE9mVxAFPHjsHxfvPFA8aqa%2FcxL9HjH3Y3yRFoUezB31tkG60OaNWdCIG8Z4D5ba0ii8bqm1cpoCZMG5k7JyzLY%2BGlzPSIhJHlP%2Fr03nB9LVxCmez5Wq%2FkdV%2FPxVmP9n94Y4HBxkgTVfqr2Ug0D5snHbp%2FLkWB7IVhPb5oUe5veLv%2FYgruRyBK0fg%3D%3D','2024-11-28 15:39:23','2024-11-28 15:39:23'),(138,'https://storage.googleapis.com/hatshop-bc917.appspot.com/audios/1732783159859-67636425.mp3?GoogleAccessId=firebase-adminsdk-1dr9u%40hatshop-bc917.iam.gserviceaccount.com&Expires=16446992400&Signature=saBJUT%2BYqN29OLsRvkMWpdnGyMrB0u%2FZYrYqfXAmTbTl6UlBW%2Bhb%2FNwIwS8FcshfZvhU%2BdR9fyk7cbwFzP3J0va1xw%2FS7Tu2JahfJVDGi%2FQXQkn%2FHqJ%2Fvrlsodx3AEe9EPtalgJ3RHDgu%2F%2FMnvzPwECNRqj785c4YO%2FgZIRqIEyTwpIDL%2B4iK6hJ%2Fmpubtpy36559AO02Nq2HlAeDuI0DQAfDgACgaa7mqnQkiBFniwrhgOIszI6WUlK7W7vaatKFzLVWQ8tL2F0bndTTAYzkbLoKyhDpWtWoGIEcbELhdkMww3hhfHfcuPfMjXX7Ac63hBm61hWtbobFHbly0KnIw%3D%3D','2024-11-28 15:39:23','2024-11-28 15:39:23');
/*!40000 ALTER TABLE `Audios` ENABLE KEYS */;
UNLOCK TABLES;

--
-- Table structure for table `CorrectAnswers`
--

DROP TABLE IF EXISTS `CorrectAnswers`;
/*!40101 SET @saved_cs_client     = @@character_set_client */;
/*!50503 SET character_set_client = utf8mb4 */;
CREATE TABLE `CorrectAnswers` (
  `questionId` int NOT NULL,
  `answerId` int NOT NULL,
  `explain` text CHARACTER SET utf8mb4 COLLATE utf8mb4_0900_ai_ci,
  `createdAt` datetime NOT NULL,
  `updatedAt` datetime NOT NULL,
  PRIMARY KEY (`questionId`,`answerId`),
  KEY `answerId` (`answerId`),
  CONSTRAINT `CorrectAnswers_ibfk_1` FOREIGN KEY (`questionId`) REFERENCES `Questions` (`id`) ON DELETE CASCADE ON UPDATE CASCADE,
  CONSTRAINT `CorrectAnswers_ibfk_2` FOREIGN KEY (`answerId`) REFERENCES `Answers` (`id`) ON DELETE CASCADE ON UPDATE CASCADE
) ENGINE=InnoDB DEFAULT CHARSET=utf8mb4 COLLATE=utf8mb4_0900_ai_ci;
/*!40101 SET character_set_client = @saved_cs_client */;

--
-- Dumping data for table `CorrectAnswers`
--

LOCK TABLES `CorrectAnswers` WRITE;
/*!40000 ALTER TABLE `CorrectAnswers` DISABLE KEYS */;
INSERT INTO `CorrectAnswers` VALUES (121,471,'','2024-11-19 13:57:43','2024-11-19 13:57:43'),(122,475,'','2024-11-19 13:57:43','2024-11-19 13:57:43'),(123,474,'','2024-11-19 13:57:43','2024-11-19 13:57:43'),(124,484,'','2024-11-19 13:57:43','2024-11-19 13:57:43'),(125,479,'','2024-11-19 13:57:43','2024-11-19 13:57:43'),(126,482,'','2024-11-19 13:57:43','2024-11-19 13:57:43'),(127,493,'','2024-11-19 13:57:43','2024-11-19 13:57:43'),(128,487,'','2024-11-19 13:57:43','2024-11-19 13:57:43'),(129,494,'','2024-11-19 13:57:43','2024-11-19 13:57:43'),(130,497,'','2024-11-19 13:57:43','2024-11-19 13:57:43'),(131,498,'','2024-11-19 13:57:43','2024-11-19 13:57:43'),(132,504,'','2024-11-19 13:57:43','2024-11-19 13:57:43'),(133,506,'','2024-11-19 13:57:43','2024-11-19 13:57:43'),(134,509,'','2024-11-19 13:57:43','2024-11-19 13:57:43'),(135,513,'','2024-11-19 13:57:43','2024-11-19 13:57:43'),(136,516,'','2024-11-19 13:57:43','2024-11-19 13:57:43'),(137,520,'','2024-11-19 13:57:43','2024-11-19 13:57:43'),(138,518,'','2024-11-19 13:57:43','2024-11-19 13:57:43'),(139,523,'','2024-11-19 13:57:43','2024-11-19 13:57:43'),(140,538,'','2024-11-19 13:57:44','2024-11-19 13:57:44'),(141,527,'','2024-11-19 13:57:43','2024-11-19 13:57:43'),(142,536,'','2024-11-19 13:57:44','2024-11-19 13:57:44'),(143,529,'','2024-11-19 13:57:43','2024-11-19 13:57:43'),(144,537,'','2024-11-19 13:57:44','2024-11-19 13:57:44'),(145,543,'','2024-11-19 13:57:44','2024-11-19 13:57:44'),(152,568,'','2024-11-24 19:28:47','2024-11-24 19:28:47'),(153,574,'','2024-11-24 19:28:47','2024-11-24 19:28:47'),(154,584,'','2024-11-24 19:28:47','2024-11-24 19:28:47'),(155,577,'','2024-11-24 19:28:47','2024-11-24 19:28:47'),(156,581,'','2024-11-24 19:28:47','2024-11-24 19:28:47'),(157,591,'','2024-11-24 19:28:48','2024-11-24 19:28:48'),(158,592,'','2024-11-24 19:35:50','2024-11-24 19:35:50'),(159,597,'','2024-11-24 19:35:50','2024-11-24 19:35:50'),(160,604,'','2024-11-24 19:35:50','2024-11-24 19:35:50'),(161,608,'','2024-11-24 19:35:50','2024-11-24 19:35:50'),(162,603,'','2024-11-24 19:35:50','2024-11-24 19:35:50'),(163,612,'','2024-11-24 19:35:50','2024-11-24 19:35:50'),(224,858,'','2024-11-26 10:45:48','2024-11-26 10:45:48'),(225,861,'','2024-11-26 10:45:48','2024-11-26 10:45:48'),(226,865,'','2024-11-26 10:45:48','2024-11-26 10:45:48'),(227,870,'','2024-11-26 10:45:48','2024-11-26 10:45:48'),(228,876,'','2024-11-26 10:45:48','2024-11-26 10:45:48'),(229,881,'','2024-11-26 10:45:48','2024-11-26 10:45:48'),(230,873,'','2024-11-26 10:45:48','2024-11-26 10:45:48'),(231,884,'','2024-11-26 10:45:48','2024-11-26 10:45:48'),(232,898,'','2024-11-26 10:45:48','2024-11-26 10:45:48'),(233,889,'','2024-11-26 10:45:48','2024-11-26 10:45:48'),(234,892,'','2024-11-26 10:45:48','2024-11-26 10:45:48'),(235,906,'','2024-11-26 10:45:48','2024-11-26 10:45:48'),(236,903,'','2024-11-26 10:45:48','2024-11-26 10:45:48'),(237,910,'','2024-11-26 10:45:48','2024-11-26 10:45:48'),(238,912,'','2024-11-26 10:45:48','2024-11-26 10:45:48'),(239,918,'','2024-11-26 10:45:48','2024-11-26 10:45:48'),(240,924,'','2024-11-26 10:45:48','2024-11-26 10:45:48'),(241,921,'','2024-11-26 10:45:48','2024-11-26 10:45:48'),(242,928,'','2024-11-26 10:45:48','2024-11-26 10:45:48'),(243,935,'','2024-11-26 10:45:48','2024-11-26 10:45:48'),(244,940,'','2024-11-26 10:45:48','2024-11-26 10:45:48'),(245,948,'','2024-11-26 10:45:48','2024-11-26 10:45:48'),(246,937,'','2024-11-26 10:45:48','2024-11-26 10:45:48'),(247,944,'','2024-11-26 10:45:48','2024-11-26 10:45:48'),(248,954,'','2024-11-26 10:45:48','2024-11-26 10:45:48'),(249,956,'','2024-11-26 10:45:48','2024-11-26 10:45:48'),(250,965,'','2024-11-26 10:45:48','2024-11-26 10:45:48'),(251,960,'','2024-11-26 10:45:48','2024-11-26 10:45:48'),(252,971,'','2024-11-26 10:45:48','2024-11-26 10:45:48'),(253,975,'','2024-11-26 10:45:48','2024-11-26 10:45:48'),(254,977,NULL,'2024-11-26 12:34:15','2024-11-26 12:34:15'),(255,982,NULL,'2024-11-26 12:34:15','2024-11-26 12:34:15'),(256,986,NULL,'2024-11-26 12:34:15','2024-11-26 12:34:15'),(257,990,NULL,'2024-11-26 12:34:15','2024-11-26 12:34:15'),(258,994,NULL,'2024-11-26 12:34:15','2024-11-26 12:34:15'),(259,1000,NULL,'2024-11-26 12:34:15','2024-11-26 12:34:15'),(260,1007,NULL,'2024-11-26 12:34:15','2024-11-26 12:34:15'),(261,999,NULL,'2024-11-26 12:34:15','2024-11-26 12:34:15'),(262,1010,NULL,'2024-11-26 12:34:15','2024-11-26 12:34:15'),(263,1013,NULL,'2024-11-26 12:34:15','2024-11-26 12:34:15'),(264,1019,NULL,'2024-11-26 12:34:15','2024-11-26 12:34:15'),(265,1020,NULL,'2024-11-26 12:34:15','2024-11-26 12:34:15'),(266,1029,NULL,'2024-11-26 12:34:15','2024-11-26 12:34:15'),(267,1025,NULL,'2024-11-26 12:34:15','2024-11-26 12:34:15'),(268,1033,NULL,'2024-11-26 12:34:15','2024-11-26 12:34:15'),(269,1038,NULL,'2024-11-26 12:34:15','2024-11-26 12:34:15'),(273,1040,NULL,'2024-11-28 15:39:21','2024-11-28 15:39:21'),(274,1045,NULL,'2024-11-28 15:39:21','2024-11-28 15:39:21'),(275,1048,NULL,'2024-11-28 15:39:21','2024-11-28 15:39:21'),(276,1052,NULL,'2024-11-28 15:39:22','2024-11-28 15:39:22'),(277,1059,NULL,'2024-11-28 15:39:22','2024-11-28 15:39:22'),(278,1060,NULL,'2024-11-28 15:39:22','2024-11-28 15:39:22');
/*!40000 ALTER TABLE `CorrectAnswers` ENABLE KEYS */;
UNLOCK TABLES;

--
-- Table structure for table `Parts`
--

DROP TABLE IF EXISTS `Parts`;
/*!40101 SET @saved_cs_client     = @@character_set_client */;
/*!50503 SET character_set_client = utf8mb4 */;
CREATE TABLE `Parts` (
  `id` int NOT NULL AUTO_INCREMENT,
  `name` varchar(100) DEFAULT NULL,
  PRIMARY KEY (`id`)
) ENGINE=InnoDB AUTO_INCREMENT=10 DEFAULT CHARSET=utf8mb4 COLLATE=utf8mb4_0900_ai_ci;
/*!40101 SET character_set_client = @saved_cs_client */;

--
-- Dumping data for table `Parts`
--

LOCK TABLES `Parts` WRITE;
/*!40000 ALTER TABLE `Parts` DISABLE KEYS */;
INSERT INTO `Parts` VALUES (1,'Mô tả tranh'),(2,'Hỏi - Đáp'),(3,'Đoạn hội thoại'),(4,'Bài nói ngắn'),(5,'Hoàn thành câu'),(6,'Hoàn thành đoạn văn'),(7,'Đọc hiểu - Đoạn đơn'),(8,'Đọc hiểu - Đoạn kép'),(9,'Đọc hiểu - Đoạn ba');
/*!40000 ALTER TABLE `Parts` ENABLE KEYS */;
UNLOCK TABLES;

--
-- Table structure for table `Photos`
--

DROP TABLE IF EXISTS `Photos`;
/*!40101 SET @saved_cs_client     = @@character_set_client */;
/*!50503 SET character_set_client = utf8mb4 */;
CREATE TABLE `Photos` (
  `id` int NOT NULL AUTO_INCREMENT,
  `filePath` text,
  `createdAt` datetime NOT NULL,
  `updatedAt` datetime NOT NULL,
  PRIMARY KEY (`id`)
) ENGINE=InnoDB AUTO_INCREMENT=165 DEFAULT CHARSET=utf8mb4 COLLATE=utf8mb4_0900_ai_ci;
/*!40101 SET character_set_client = @saved_cs_client */;

--
-- Dumping data for table `Photos`
--

LOCK TABLES `Photos` WRITE;
/*!40000 ALTER TABLE `Photos` DISABLE KEYS */;
INSERT INTO `Photos` VALUES (70,'https://storage.googleapis.com/hatshop-bc917.appspot.com/photos/1732451323487-634270_1562639747171.png?GoogleAccessId=firebase-adminsdk-1dr9u%40hatshop-bc917.iam.gserviceaccount.com&Expires=16446992400&Signature=Nnfjsgf8jm1DMwg4P7dg%2Fbf8SfdB9wC86UluQ9Hv6j%2BGeuQjh1c68Q%2FrwhptFnDM9lGeQFupxVmS2U0bGMx9LOPUKNu%2BFBBnC6%2FyU97y4XgBgDUVbf3eb64teuhFpWGWDtMe2V0zS%2FvGY9d2CaFutXFZyEZeN1fpIwa7tOwnFAZhGcmCL3zhsnjvfo%2FL5V9PQ0IHIAU8KUP7x1ypg1p%2FYMnx4ixQwi5wbPUzvNYCJNgmZxmAPQPSvTwBQGgn3yRe9%2BKCC8E2YJl2gDMh63mk1yYZQP5teLbR7%2FISkQXQmtZJhMVF411QGeBXCFgFhE%2BFJRGrAB%2BMbry3HLUaoAMA1A%3D%3D','2024-11-24 19:28:48','2024-11-24 19:28:48'),(71,'https://storage.googleapis.com/hatshop-bc917.appspot.com/photos/1732451323485-2138816_1562639752778.png?GoogleAccessId=firebase-adminsdk-1dr9u%40hatshop-bc917.iam.gserviceaccount.com&Expires=16446992400&Signature=FR1tLTej8aE5WpdEQ%2BnUHRutGErHyfFHKbTsU3dBIszvyINvN%2FCIrLLnWvpEjpzwa4PIG5BMoPR%2FRsHz6o6O9v4zbL58tcngqL56sjSRAPIDwgvMbKz9JKxrFQkcB0DfluDKkJ7OnjK6fTpwJ6dNd%2B%2Bb29ICGf9fIfHR5B0cAcrbfwxAOL3ZE49qmaYYQq5QlOdHo5ccwJKfr85Z8tRP7%2FUqbTjjhD9Z1IZlYu2sgN9gmcS%2F3D73B7IK0hGARWaexPRKA8BcGF4mQFpOlW38HANqkgCYehRmS9nRdlYBpWlpfRcpEx%2BZLEunt6FulqHYhGliS1pE%2F1mFXmP607dkuA%3D%3D','2024-11-24 19:28:48','2024-11-24 19:28:48'),(72,'https://storage.googleapis.com/hatshop-bc917.appspot.com/photos/1732451323489-711038_1562639754172.png?GoogleAccessId=firebase-adminsdk-1dr9u%40hatshop-bc917.iam.gserviceaccount.com&Expires=16446992400&Signature=iJWRjcPIks%2FWMq7Bvvqu3BMLXYiqIEBB%2FwR9QjxI3NI5VFFTzJUAdQLhQm6tFpQdpePK2P7gA7XV%2Bv66%2FEftLNE67aRl8VW6orrliZRjQLXwm2asBnzpJiF2XkqI4gk9R40O70nf7O1OBh5tMkaIqrU2lETRofzYi5exQ1oqrUVKFgTP82K1BtsUcQGj8%2BXVZ%2BtAn%2BBQTJ8GRXAJttWrcvyBHg%2FN%2B8C%2Fjc%2BEhaxjKAE275Dji49W4lOxMBRxZckVkKZeREen5jLeiT13UuNpB5tvl76Wf29i96uUKPG3baRJzLRFX3ZS4dOXLTtGyHfFB9aamYIytlCfMyryql3lqA%3D%3D','2024-11-24 19:28:48','2024-11-24 19:28:48'),(73,'https://storage.googleapis.com/hatshop-bc917.appspot.com/photos/1732451323486-999401_1562639751431.png?GoogleAccessId=firebase-adminsdk-1dr9u%40hatshop-bc917.iam.gserviceaccount.com&Expires=16446992400&Signature=V2RDVDEMw2uNDO4AU5pzydHJArx9HUxiAArt3kF%2FdsZMlYE37BDzmiAzqYvftge%2BVOnYKM09kG8fQXnP9lCCV7bAaytIi3oyZ2s8Hx%2B%2B57pZXghybXpc6Suphxfi2HoBdGEfQXIWWgmUhc%2BOgB9vgB0kjtR%2BRAzgf4uNa8RlcT9WvGjo%2BEGsFGHpz28AgRs0OEmhBIpnYZpkTZ%2Bh8Z%2BlOru7LkqRxVWcmJFBT3TTM6i6202qq9HPjxIwCWv%2FjnS4nrxMcAk%2BsIlEGKufXtGrdDbCkhmI9t9GXFDDVjC4%2BHWyW1AOBzinWItuL211NcpAtq3OPtENobpG3IWl5925lw%3D%3D','2024-11-24 19:28:48','2024-11-24 19:28:48'),(74,'https://storage.googleapis.com/hatshop-bc917.appspot.com/photos/1732451323474-419301_1562639748639.png?GoogleAccessId=firebase-adminsdk-1dr9u%40hatshop-bc917.iam.gserviceaccount.com&Expires=16446992400&Signature=8br4hu7kTKK879WZuBqmXcEhJ%2FUkC0INuzsdcI6RXEAEpGTcYac8G333UPn5XGMOKjo9BihA3Gfg9Y2uTLt3vqU%2BiOjTVytwBQnJ9wNbRU9ZxeOmQWgGMeoMALIsHS%2FnEm%2BU6M1shsZ6ILTs5xS3q9TtWlcefbjUVeWaVUp2VPJGCvGl%2F0K7tVOgOrG2TeIlEHu6TU6ln4bS8EacdJJX5w0jIuOkxUngELuG80mx1er6B%2FMPRGF1n0Jjjww2zPo%2FlxSf7Ssx0BDdUM%2BziJOzbE40Gnc6Ys1Apvl0LDhy51531qVcFk4NraanZxQBRX3up2MLPe8Ec0k%2Buj%2BB6vBfIA%3D%3D','2024-11-24 19:28:48','2024-11-24 19:28:48'),(75,'https://storage.googleapis.com/hatshop-bc917.appspot.com/photos/1732451323771-5270312_1562639750094.png?GoogleAccessId=firebase-adminsdk-1dr9u%40hatshop-bc917.iam.gserviceaccount.com&Expires=16446992400&Signature=Kay5%2Fm2VJNSSaMJlzMQq72WmOIwzje7cLeXQ5tjGAzgaIA8f7Didi5xY6s0Dom7TG3%2FRuq6J3ns9AiidwEB41Y6wwzCjjGhPQh92MB%2B4bDa9kJoNVMtlX2u1Qor%2BKdrdvczDA3Cysoho3u3lXgPHVdxDFtALAX2HlE3NBgQZ%2BKPTShVxga0QYLig55k9OqU0EwCb1bYv%2BMpJWJk1fZSKc44b%2BoMaFGjW4KldG7WUSBQUW7HApKLliBy5wc%2BgK5kBI15zTLsI%2F9FV6nvGw0O8Z3F31FlC98MRHG9FXfAMKTH6aeQdYpq%2FB7LezQaCBs9q2MHTo%2FtKunOHf6czxmv2Lw%3D%3D','2024-11-24 19:28:48','2024-11-24 19:28:48'),(76,'https://storage.googleapis.com/hatshop-bc917.appspot.com/photos/1732451744267-3672944_1562638433179.png?GoogleAccessId=firebase-adminsdk-1dr9u%40hatshop-bc917.iam.gserviceaccount.com&Expires=16446992400&Signature=iLWUosXJrXfdNfnNFV28bzLYND2Z8rxOc5xoOiXMHcFbCMSnvhkOeTu5JPAg700%2Ba5jPFqz28xrk9CmKUl5JHkgh61GDCq0uHPCpN5FZ5cmhztEkXxBiGB9mQra9kanFERBH56ZOCY7qWjozTaZ00apH4LtJ0esEiTx8WwTSydqUfN%2FkLnb7e%2BncXq9Fwg7kFOhoysi9G0J%2Fo6UsOC6PkV1fQayS9mNJWmewwtiPpxjbQUQcoadhlsNfeazGqUNZFddUBzo%2F5SzgrXg2GxfO6rT89vBEh76ssis%2FIgnT%2BXY%2Fga3wbgr5l4aXvPGGt8rdv1iRGFIX7oMVcCYluXUbzQ%3D%3D','2024-11-24 19:35:50','2024-11-24 19:35:50'),(77,'https://storage.googleapis.com/hatshop-bc917.appspot.com/photos/1732451744247-6539040_1562638443130.png?GoogleAccessId=firebase-adminsdk-1dr9u%40hatshop-bc917.iam.gserviceaccount.com&Expires=16446992400&Signature=ywaVty38t%2BpPOnOfShfyj6TeYXwt8XSfbDQCf1IVuZImPZWMbLIn4NJo08MXBbNDUbqyVREoxEY5D3jpQtH%2B2XhBBJPJSjSMf%2B%2F%2FAx7nYYEOJ9Zbw%2FYrdwk4b8fAoWZuW43CpcYvSNvr7sVYQdpVqP%2BjaIgiufhh0nw4ndA02aIVEv1KEjTDQUYd5dRJ%2B3hodoDE8J8ECOUublHx0dfV32qfLOTfCsUAz02HmMk02%2Bl24Li9fptXfpvg5azyWdtsNnW0SmwzTnjBbCRwmfcTuMQn8aRuk4YeE%2F%2BHCE6j3dDSUGx9tukUQJLVbhdeiBGvGan5cpVnlqqGh9gvjomzzA%3D%3D','2024-11-24 19:35:50','2024-11-24 19:35:50'),(78,'https://storage.googleapis.com/hatshop-bc917.appspot.com/photos/1732451744266-5656089_1562638419203.png?GoogleAccessId=firebase-adminsdk-1dr9u%40hatshop-bc917.iam.gserviceaccount.com&Expires=16446992400&Signature=%2BEQno%2BSlbbhTPOTsYCcVZeOsFuxfjxD7N87IL4dlpGGI6YiWUQ710PtjQjW%2FH%2B%2BuDbDdmr3ZuwzaQ7dcFC8eJwAFcf8vvDWmNc7czycWF80W5uRw6z9qt3S6ah%2B7Cs81%2BYcEtKh%2FAtgr%2BaNkOXR9fQKH9Y25QlJxELTADveF4dmULzHXbs1uaBJni1ZZrmmmvi1jEFWVe0F9X8Iupd6M49q5geK0HwK3voKe5WydwClLHm74HSuhkJlg5YPtlRwdrRjzrWRYzXqBxT40fYeN9GxYBsgn3dKyxSlIL6I%2BPRdIgDELHwKfAz0%2Bz8y4WDPs62wShzAzOnzBzYSC9%2FGGkQ%3D%3D','2024-11-24 19:35:50','2024-11-24 19:35:50'),(79,'https://storage.googleapis.com/hatshop-bc917.appspot.com/photos/1732451744231-5911589_1562638438001.png?GoogleAccessId=firebase-adminsdk-1dr9u%40hatshop-bc917.iam.gserviceaccount.com&Expires=16446992400&Signature=cTkNUGglMct3X%2FUVHl2eZ68E%2FfIhgfD4q421T1RszkmC3arr0tXKi0hXKE1OorS6mFQB4kOlc9UwOGR1svbpUeSpL%2FVh99V4epxnxfAcC4QWLyPvReHzvmalv6ZLiZYz2D8S6Qj%2FiRNUOWdhVJxAVdrLj%2FB%2F7udD%2FW8cX73ScDtF96AZA3IzXLyrGzpdDOjTLVdfMaXMfMJ6mIzXAbzPToVfpnsqzXEBQcs%2F4p5QlmhsV96x0ANZQv9HLsHXn4ckJ0b6WgaIhWZiR3suwsJj3bfbSIWfHWIL8eK6bJ0QagWNGeI2vjvupnjSeMK2oNeEh48dmD01wndi3oDPfmxgbg%3D%3D','2024-11-24 19:35:50','2024-11-24 19:35:50'),(80,'https://storage.googleapis.com/hatshop-bc917.appspot.com/photos/1732451744228-3555841_1562638435196.png?GoogleAccessId=firebase-adminsdk-1dr9u%40hatshop-bc917.iam.gserviceaccount.com&Expires=16446992400&Signature=LT%2BU4eWa4DCxS2NSf2DFOu0TNa9DYIfVqw%2FVtdsXrQ9ebimj14HO%2FUt3AjORhpGAYPYu7XNJQAz9eWIFfaMuSDscLQPd7NgT4i8k4JK8KYKIIMLqQVKTB3eJszDBHAubGh81OW7yofX5UJKbFr%2BRKc9DjKk6c8%2Fh51Wz5HZ2F4NsEOV0wnVQb%2F3tpcsJkiI3r9W%2BzLgw6Tc10asHRRdFlJpWgEdSbiKFwUkJW6%2Frt0gmnBishZrEs%2FdaYrreLwB8DJpohKvBJSSku2E9WHCesqiT%2B9sxxhXaD7xJQ6mYYFm7ZM%2BBDhyTEBuN%2BtYPoo0KKFma%2BNUe9GKAjJ38r13XAA%3D%3D','2024-11-24 19:35:50','2024-11-24 19:35:50'),(81,'https://storage.googleapis.com/hatshop-bc917.appspot.com/photos/1732451744236-973355_1562638439675.png?GoogleAccessId=firebase-adminsdk-1dr9u%40hatshop-bc917.iam.gserviceaccount.com&Expires=16446992400&Signature=wX8kZNYUXPk8hDl90z%2F2BHt8PryVwaowTyuYtmE4aazJ18OiVNZjdaIBdFD1S02KN1adjfR72XxXX6pzLOeKvBOmBgNRFo2d9c0rCTIHTMClwUPKdpJJTmUyXxUi8sFDjkghxIrtHqKwxtTfP9oSRC%2FzQKm85yNXEhRsnIc33bAFI%2F1XCsIqJGXfP1lM0yG5Ty3Qwt6D8xE3QpnaM%2Fv6iJIy2Hcbu%2BJjU1fQS%2BGpMFyCdh%2FCm6tgsiUpDf1SFG4%2BFEY8BFw%2F4KMD6Crncw5lBLBwHquOpmgyKs0F14HFtwEeksU3%2FGXK5LMi7b5mi1d9enBnRpvGfEs28fpoNqvx7A%3D%3D','2024-11-24 19:35:50','2024-11-24 19:35:50'),(101,'https://storage.googleapis.com/hatshop-bc917.appspot.com/photos/1732540310684-3480452_1562638452501.png?GoogleAccessId=firebase-adminsdk-1dr9u%40hatshop-bc917.iam.gserviceaccount.com&Expires=16446992400&Signature=Maz5UmFAhQMszKX24Hr1wf2NeiZ3GiPth6EDae2hLUqqH76QdsIi3nU3aWAClrQQAUVnZYSi%2FDuMf8u37y4Scfmji5avmuLPNiYCbkslG8J8P3D6r48fHGGG6P5YrztvlXiL5hQoPfPDSQTV1T55qQRFzsIZz2MizCy36ANRi95QqSP%2Bc2KHHCpJV0XaVKGCKlXxnSYb6ErCl6zH5lTV2I21DnbTbw8tnxdcpTVW6g4GhFHrZ576T04Ppqkvhj1p6SWdcbyZIsrWWj1W%2BDCFuetMPWuhF4Pm5VqGSGVdsj8q%2BDRusYbIE1wliwaMlIss9nMgmubV14Ph0NGN8JyAOg%3D%3D','2024-11-25 20:11:52','2024-11-25 20:11:52'),(108,'https://storage.googleapis.com/hatshop-bc917.appspot.com/photos/1732783157046-3555841_1562638435196.png?GoogleAccessId=firebase-adminsdk-1dr9u%40hatshop-bc917.iam.gserviceaccount.com&Expires=16446992400&Signature=gLhCwzSNeVNDWBgemZTbEMuXE1aHX0Op8u%2BNPA4yeq2jp44PY7Pd69orc4PRu4gy9FO6CAJiMx63%2Bn75bVGOXRc%2F6pVBY6FN7nNRMyXzdd%2Bn2rgkOzlaa7%2Fc0zmQ042%2BbM1Q6FmBQRPuRz46nFGM1QDfg3C%2FG6J%2BMjZkkGy18bejc2HCRnCRgA%2Bgol%2BF6Sz4cAvdbvdxWFy7Ga6i9ybGE8EPHUmc3yNx1cbvs4QM2bZ52Aol19m%2Bc27U4Dy9uKextd9PQlKQ5%2BpJvnNI7lqQXJoOb9Lyc78eoOv3d%2Bv9kE0kh9vkBrSoH9L9ixb%2BCgFlGKfwkNLt%2FiDcDutF2cARZw%3D%3D','2024-11-28 15:39:22','2024-11-28 15:39:22'),(109,'https://storage.googleapis.com/hatshop-bc917.appspot.com/photos/1732783157226-5911589_1562638438001.png?GoogleAccessId=firebase-adminsdk-1dr9u%40hatshop-bc917.iam.gserviceaccount.com&Expires=16446992400&Signature=yiiynrtNLTZgUMPtsgJTeYoieSnEUxKu0gZ9vWo90O1%2FHAomNFJ%2FSW7XXpuo1dE8ix09VwSsYTk6TrF6pJLeHkym4HZHJC34PMM0ebzl0Z4y4EBouelWj8UTJ74Tco9%2Fii2qUOIDVPb4Pjj04Y0%2FKe%2FJhsLfSMkRlYrmj%2BnI5GyQHyxCmO0438ochGBZkpZ7QO42Bo5fJo6by4f7WwJz8H8ajbslnjWjNKZaHE8NALZkRn0YZJyRwZe4s7SQ%2BfSCE1CaN6NUbPUkdrEEXY6OeOCqEHBhxCfPIRrWJ2msTrCWdcR%2FecTgj37px1P6SgJFVpQ1zUbxKS6cUjT%2BNQy9XQ%3D%3D','2024-11-28 15:39:22','2024-11-28 15:39:22'),(110,'https://storage.googleapis.com/hatshop-bc917.appspot.com/photos/1732783157232-5656089_1562638419203.png?GoogleAccessId=firebase-adminsdk-1dr9u%40hatshop-bc917.iam.gserviceaccount.com&Expires=16446992400&Signature=ct02K6k0BII5qs51i1ZXrVS2qDofMD2PlPQwfNxBcfZ8GB4BpZRfAJRqttsFj9sEYvwriJiB2RysthtYY0ybWbyyQ4dDzsYgSQIgPCd7tOaEtVZeYbXLAmynZRlDNdB%2BrdwH3%2F6eIAnp5L8j11pglr7II%2BFyYptYEFTxQMZuYXQfVzdccKViEa20J7HwOJre%2FZf59AJ73BivZNrxIvN3Y0GuP3MRWn%2FPwnF11El2C00RaI9%2BwvBeFHJvZ5Mw0qeX3%2FvrCoQdErmwIiKtC6CSBsGeP88Dj%2Bza4oDQQzcWho2yEtcHjIZv8WNWLfp6TmIT%2FYa0wHYp9CwEx3%2BkkmKMnQ%3D%3D','2024-11-28 15:39:22','2024-11-28 15:39:22'),(111,'https://storage.googleapis.com/hatshop-bc917.appspot.com/photos/1732783157315-3672944_1562638433179.png?GoogleAccessId=firebase-adminsdk-1dr9u%40hatshop-bc917.iam.gserviceaccount.com&Expires=16446992400&Signature=PGZYwdcCJnLujuL3YlXJfQLFkigO0PpajODQrsQKNVKWDfdSKazrbxBuc7ZCq53gcWZpds4%2FWIaEEkgtChKgbLv5umzO5UZ8wPG1HSEVpFvqXksfJmIPVnT%2BdKdNOEt8pJeAZX8QZ%2Fq8UkQ5FAzfMMVW98KnrJn1Vr%2FhMmgbD%2B6ombRkzj%2Fk56t3qOr%2F0N9nvTUhbxASrsqTPTveNMEgH90N27vLpNv9NnEsLtMEw2DUz1T0%2BsrfHDD4se1Ys5hBPWBx2gMoEqQ7HL%2Bi5lN7bOv8i%2FhKmeNnPb6XyQyn7dw3QcACdn8fTXVAp68tFAlykKgJiChUu322XYV4atnLVg%3D%3D','2024-11-28 15:39:22','2024-11-28 15:39:22'),(112,'https://storage.googleapis.com/hatshop-bc917.appspot.com/photos/1732783157432-6539040_1562638443130.png?GoogleAccessId=firebase-adminsdk-1dr9u%40hatshop-bc917.iam.gserviceaccount.com&Expires=16446992400&Signature=1ppfU%2F6kS1z9Ni%2FM145m%2FB3CAEulPbm1ytQc4qY1R2yRkrrs21l0DuNxrQf3Cw05H4ZDHTA81awwQlFvv71RwM8DmPrJzq113T5kVvzyyflHcSzZUfBerVuB0Sv0Wre7cTLMZpw9GPzhWItRhyz2iPcsFi9%2BSS6dDvSA6b6I6Xf3HxzefLUVA1uX2AqL6SixlS5y1Htts0UXoDoWJqj9HbP%2B2SvWXKonlXdLkWqfoZImrIXH%2BH3Z3wz5lR7xGoD6BrdXT0MVNJ43tUhIRJlLp%2FrqGm%2FeLUMDymq2wXXaMRH0c0WnMVokqDQ0BVMNxecloke4Rm0KN0yFJU5UYaM2ww%3D%3D','2024-11-28 15:39:22','2024-11-28 15:39:22'),(113,'https://storage.googleapis.com/hatshop-bc917.appspot.com/photos/1732783157662-973355_1562638439675.png?GoogleAccessId=firebase-adminsdk-1dr9u%40hatshop-bc917.iam.gserviceaccount.com&Expires=16446992400&Signature=mlFa2jpsJAnHk56AfytIXmMQtR74KmT7OvXq04elHR0WO%2BA3GoR8dR11yX5VsD5VZX3SgL5i4ZLewM2fefGjZI%2B3eYBUYnJceAXdEWvg%2BiF26BsUtI6k08Nf2y8YKXwN9nPy21TjrfLSemqtLoj66CvU%2BKF3%2BIQqvndC%2Bn%2BEQc0UDAIXkf6j6v53tKp6TJnp%2B0hHIfxwGoZFduzEdwm%2B%2F%2BZ5qFV5VwYANuZ3QUGKJWwP0N%2B9tN6A3xt0oVdjiYa6Nzxm8OxIBkwdBdOvhDPJtZUnECmX02D281g9n5WmW%2B%2F3C43UXVZdF1v5NXja4TJxfpgzf8M1jeOlusnydrb%2Bng%3D%3D','2024-11-28 15:39:22','2024-11-28 15:39:22'),(114,'https://storage.googleapis.com/hatshop-bc917.appspot.com/photos/1732957542241-attract.jpg?GoogleAccessId=firebase-adminsdk-1dr9u%40hatshop-bc917.iam.gserviceaccount.com&Expires=16446992400&Signature=iNl%2FPqg9TxIGAfa1Itciuzz4M8gtaq6rrX%2Fs%2FYKs6YP0xAYhQywOqj6De2WYDFmymhypFHBUAEUsDvFGe%2Bc4CSMcNSGA3BFNflMF%2BqnHDViurYXpEibJSjWe5TLjhkUXlnXIXeSjGx3E%2Fe0PtMqjeSa3we4U%2BIDrzi1psISyqcW7WgNaMw4KJBU74obWrxd5tJMLGgQ%2FiuyoLRcfSajWKbfE5oZUXIk9jeCOozYjvwNHJAc1eLa8uSYLcy1XCn6ER4mb%2BO%2FLTGUAk38pQbjYDY1sVnObye6rr88IGP7FpF9P5T%2B29axsRs0WNq5UI0LAYjD%2BOHUFzbUs33Qlb6pGZg%3D%3D','2024-11-30 16:05:44','2024-11-30 16:05:44'),(125,'https://storage.googleapis.com/hatshop-bc917.appspot.com/photos/1732966953716-variety.jpg?GoogleAccessId=firebase-adminsdk-1dr9u%40hatshop-bc917.iam.gserviceaccount.com&Expires=16446992400&Signature=SeVIHuxTHicsHnxDsgbi4ojfVHyUfSS1QKTBAK17Fhg9P1IiJ6f%2B0I11%2FpNEZePcfwb23flSGojb48I6IimdgnRzhK6LwVe5uq0sAbV1hTQPHgNokxwZ238ADScF%2F7ZKWlBMb6Uw%2FNHif6kStJ6gHT%2BJJWtjZKc0tsD%2BBJ9hRnAQl4vB4IyeyL%2FLshacU6ewSqBaPJEOyfpdLJnDHqvYJNmUKGT9RpaN3tIu7vQGACe5q%2BYWv1AulG6H23d0evwcuuUQjXeKlVXrm3O6EJccDht%2Fqss3yg38fNpZsEFQjToYIb122Kr5xmoRAN9HChfQTynUcMfq27EOhH6QtDfBlA%3D%3D','2024-11-30 18:42:36','2024-11-30 18:42:36'),(126,'https://storage.googleapis.com/hatshop-bc917.appspot.com/photos/1732966954427-inspiration.jpg?GoogleAccessId=firebase-adminsdk-1dr9u%40hatshop-bc917.iam.gserviceaccount.com&Expires=16446992400&Signature=acfFS8TZdb5rVf4HlK1Ja%2Bma3sS7RPi0Rx9bL77Ye%2B%2FDSq9dcYpuFKMWiQNfDxjrR2JDsFcVXoWLFa8feD7%2FdOcha0bV6iLIx6h9v4erbAvX6nvpGAE5%2BLzDZ7YOeBKgsrzsle7lzpzTRUp%2BI%2FdqTTbLEhYxz1lWEkptSHdkD7%2F8tnK9ytQOQQHDThrvjE%2Bsm%2BurwTukvxxJibcUI%2BIeB13CHp8ZQpAcvDxPpAfgJFpz9%2BdMC2IwFm3Zg58hXfEwDSQoHlek4VxGu%2BqYub5wtryk0ecomUqz3djpZott8YSLw1K9KQ19gcWvP0xGnFLfjTKFJPlzi2bmjHBjNgNZ4A%3D%3D','2024-11-30 18:42:36','2024-11-30 18:42:36'),(127,'https://storage.googleapis.com/hatshop-bc917.appspot.com/photos/1732966954855-require.jpg?GoogleAccessId=firebase-adminsdk-1dr9u%40hatshop-bc917.iam.gserviceaccount.com&Expires=16446992400&Signature=uFVELoEVEDNhyHVeRnH7qb771AQHUil3Pfi2FxOn6p%2BR9ZQbtr9YSBLxUG6ZYKHfZALfVOlwUKGOBOqVBe8nitR38QLA1aNUH7C4xbufmO5GtV6scAUQra8C82%2Bq4MtI56yypzYIW3VpXzOkXtYWcFbVTDQlzsTyg1m7f3xNAhAhO5kZ36PDgwR0TxiR2NebCtecqXwekZTVIFGohZh1QkK69cYRwcmNfnRyvE3nqL%2B1BXdLbE6RBOzfbOkzeSvYtylXojabpP9C85RGDGdczJcft5A9oCC0Jd1%2F6C6FYtfhqkBb7fmEPBkJYCLcq%2F8dShWpeqIov0QmPYMbKYbj3A%3D%3D','2024-11-30 18:42:36','2024-11-30 18:42:36'),(128,'https://storage.googleapis.com/hatshop-bc917.appspot.com/photos/1732966954760-promise.jpg?GoogleAccessId=firebase-adminsdk-1dr9u%40hatshop-bc917.iam.gserviceaccount.com&Expires=16446992400&Signature=Fbg42HHFao5OOw5ezbl5dNPiCpkPGLmnh21%2BpTdLFgc%2BYHRlsaREgzQt4OObhB3xc7naurqp%2BFySiJ2mLE31DMdsbn3VfaVIvwbpqBERJ3qjNCNBUkBw8k03X1%2Fkmyq5hTANvDLo8U9zoScetDQKDUTpQnWLGEFr1YbvS8DOB3h0p1qzc%2BTS8iwqY9lICXZynwafMWlHpwsZ7eOQwmDFMY5cc%2BxmSoafEun3WeVJpP3vU6qGlVRo%2FuZQ11v%2BvmTGA5lHVYtDT9LRD9egnDda9ubwZ2dH9H8MrHP0Y3zH%2FmLN7t8AcRFgZvHEBzT55%2FX19d8uXGiYJwth5uSBJDHi%2Fw%3D%3D','2024-11-30 18:42:36','2024-11-30 18:42:36'),(129,'https://storage.googleapis.com/hatshop-bc917.appspot.com/photos/1732966955690-frequently.jpg?GoogleAccessId=firebase-adminsdk-1dr9u%40hatshop-bc917.iam.gserviceaccount.com&Expires=16446992400&Signature=gSYDQ%2FFGxC9rUFMYMfsNlfA1Ld%2BfVGv1R%2FxAEnIe8ZSLeJSz3nffbt%2BwhCxby40qB6pEfK4cnPIDUFQR03srjAjE1Zxkk80qzEoNk45JMi6DZSxnuGGjQb8LqZBz5%2FyZrpdtyIxU6c9NoGSzxvsx8Dx24AeV6SDFaqbEJ8CVxCxmWvmTo0yu5XUwEDwTyB7lH53qIwfdmGM90BNWKF4sdmHKbw56XSASOjFDXYgsUoiIv1e70WLTTsLynbt2w1JT0epPEGjI6ekFDs4bkKm7fqkIn%2FpXAApXAh2BLQmt6BiFDZrmVMazzPY5k%2FPs3DOcon6B4L5x6p5dYztUScpUBA%3D%3D','2024-11-30 18:42:37','2024-11-30 18:42:37'),(130,'https://storage.googleapis.com/hatshop-bc917.appspot.com/photos/1732966955603-imply.jpg?GoogleAccessId=firebase-adminsdk-1dr9u%40hatshop-bc917.iam.gserviceaccount.com&Expires=16446992400&Signature=KNA7Iqfft8eiJuVQZ%2BX252z9sQUKhkTBJLja0RXy7GihuAkqmlGMvyLCGncxUJ5P5iNbaZGt5QlxAAI7vH9yGAdTLZ9NLSpuGBJctZOJ2SkkNwm3S%2BQZF5N4Jy%2BJ4mOmuCFx81vkyD1RQWi95ruyfLpjNCcmsvvMw1ofUn4fBg5imO3c7%2FKnFh4lNnhB1IC668r8RLR8GFIlUjNkZfefgkdfPyUMXtZZtWIcMxgUguekw4zAxCq3xgoaHBEHGs6ZeKm7bTx%2FMbz%2Fjy9K1rhpI2HO8ZjwzSlzZHlDh9d%2Bp4lhVUFpHW1GxQzyQR2fLkzBdjA6%2FYMZK16qzDSFaUA0XA%3D%3D','2024-11-30 18:42:37','2024-11-30 18:42:37'),(131,'https://storage.googleapis.com/hatshop-bc917.appspot.com/photos/1732966955716-consider.jpg?GoogleAccessId=firebase-adminsdk-1dr9u%40hatshop-bc917.iam.gserviceaccount.com&Expires=16446992400&Signature=wUHWuwCWgrq2xSNm1yaalQcZ3iqliq3kB9AOsa0bJOh9c8F5x%2BPejVRp4Sz4FZg0MGvwoo3MqMj0XGOcfNveUwX552Nyw%2F1Z1MIGiIsrluKrVCglNoCjHWYIdpI5uNLplWS8Q3jhQbi5UrmMTb3EMcTJ4aistakY5lKlKegc0Q%2B%2Bxz%2F1RVBz694JdyCQp%2FRIzONP1bbjox%2Blg1REFs0qYthKXxSlD2QvY91AgOqhGq9TeGdmmGT0ncmh589an7U1HZ%2Bln8lMod0qNQs0U3q989ZfN%2F%2BZoHo6XNefmWJS%2BSnYs1r9%2F3QuDNrnlqYR1JCxTL4m1dnnkVUhMwHOyGdeNw%3D%3D','2024-11-30 18:42:37','2024-11-30 18:42:37'),(132,'https://storage.googleapis.com/hatshop-bc917.appspot.com/photos/1732966955914-characteristic.jpg?GoogleAccessId=firebase-adminsdk-1dr9u%40hatshop-bc917.iam.gserviceaccount.com&Expires=16446992400&Signature=xjzXYP5eC%2F7hGThN9IWYgNyprip2jaSnd4iXVOpHMouZvnBU%2BRpU2MLYLvZQIx3h%2FarGJocW%2F1DdhowrZ0VTUwezcwtCWkwpt86kma3wM62lfYYRLUYW4CZyFPUkx23PIaZv1VTq3Nguxkalc1Fvdqt4OMIcx9dBZur%2F%2F0mY7jmNP%2FVAfCSyeE2GctCC4kSm%2B9BuRGRz3Wsu2HFOtMJNPVM1aoizSmB0Le8TAatrecma0A%2BqPkD%2FUDu5HfaQYb065DNGR8VFyJsMVn2z%2BkP16hYQSIbR2njN0%2FRL3haJ55GUOr0I1VFYmPlaVsvmX0iGN%2FgVcRLPqivBSDjfP0gdMA%3D%3D','2024-11-30 18:42:37','2024-11-30 18:42:37'),(133,'https://storage.googleapis.com/hatshop-bc917.appspot.com/photos/1732966954209-consequence.jpg?GoogleAccessId=firebase-adminsdk-1dr9u%40hatshop-bc917.iam.gserviceaccount.com&Expires=16446992400&Signature=yvIfd8%2BzHTGVQxzNkQ4GM84e5VNsupX7XiQCWOMXZg5m8nptKu%2BfzYsqruQWTArUjOZc3SOPTxej7j0d1TXvHdpYrvxlKAaDHVzYyxsIAmIWokW%2FV0MHFbR6vsHEBRBRXeCPrPNkD3BhScOAu6Etl6cBJYxdDT%2BOdCODzuclWPsMBUw0FY12clQISmUCCnnJ6XrWb8mpfx9pEq%2Fi%2FaBZBY%2B0BXzjLmkQZwk%2FvLIKeA%2BRs95ZJyHlAkU9dj0rHvCmH1PjHozi04gkX7ZuJOhIXrWA25W5DmcgRg98oRMx91o%2FMMuqjrlhJkECq0vgujy6g9Xq8J%2FCX2z1Rgd02ZgaEg%3D%3D','2024-11-30 18:42:37','2024-11-30 18:42:37'),(134,'https://storage.googleapis.com/hatshop-bc917.appspot.com/photos/1732966954628-expiration.jpg?GoogleAccessId=firebase-adminsdk-1dr9u%40hatshop-bc917.iam.gserviceaccount.com&Expires=16446992400&Signature=X43vLuqyKh7Gqpvfxa1e7jrt24J2odCMNh1YuhkEJgJHxdTBb1%2FreRmzY9TeXuRtKUHMB4RGdn231FrvGqgK%2Btqkdas3yfOaY98KF2LIlyf7s4cyaka9OiKJWbyuTIZdi2PPB2QQFGby4havVxQ9ZKef2Eefeb2GI5glRGtd29j2iu%2BClysy9DvIkLqADaFGaAimFksJtIV165qnMuqpvsuVK8sdF5PAcmq%2F85YL%2BUiZ5p5%2FxZ4CyDJ%2FUZvCeW8FnYOuv9BItQMiyeIs9PHa1fWoivh1LJnoDGNtKGVQUfDxwnuB6ff9QM%2F1hMmR1JNxdCNYsBEbzhq31aQvde5YKA%3D%3D','2024-11-30 18:42:37','2024-11-30 18:42:37'),(136,'https://storage.googleapis.com/hatshop-bc917.appspot.com/photos/1732969483315-consider.jpg?GoogleAccessId=firebase-adminsdk-1dr9u%40hatshop-bc917.iam.gserviceaccount.com&Expires=16446992400&Signature=6J0p%2FS56pVsSASR0hWc3nXkhHswyzs1oknDXPXctf7RSc1HIUOU0XpEWrLETKTmz9Hv3QSL7PLnmTvcQj6y7GMHe%2BrPVI5N%2F1IZCDiWeBcKtTIER%2BzxJfZAgPdtIqDTmy3iT6EkM3RP9hAEGQqLjSrW7piwKKJ0Pn2MgP2QhS47KJTeCTpXR43E3thsWrmbKIorlIs0kDuAkhrGF%2BN0l23jDmd2acUNqdKAAB0yhv%2B9TOdiIkjI%2BcbtKnvweY4ELLrPxOmZekUt74BGbsuLy6JUpSEYi0durt3YGDHkse%2FpS9xGpjm10%2FwCVcA7U5CGi%2BSKDoqiiZ9%2BVlXmNOTahQA%3D%3D','2024-11-30 19:24:45','2024-11-30 19:24:45'),(137,'https://storage.googleapis.com/hatshop-bc917.appspot.com/photos/1732969596695-consider.jpg?GoogleAccessId=firebase-adminsdk-1dr9u%40hatshop-bc917.iam.gserviceaccount.com&Expires=16446992400&Signature=kPi0drI1kt2kYOzrKr33UU7eAKOURkXOrEu3UgBqwWl0SiNo92R0%2FBXzw%2FJfvr0IPl%2FlnKQUYUWxl9byUS1uFekbqoELaZG4%2BhkCfTokMi7JhnLbbCvk%2BQ%2FXqCu8JUk9siMTQ6pnTys4J38R%2FHT3fUlVHT2KONuuBiO80ZAjBbzsAJ3%2FvKp%2FBdMWOXsp%2BXpGYb9ejSBkvkULp1vEpXF0lKkzsdjKy5C%2BYTI7iMbDiJ7J2iZR33nrG0vedoGILXGNvcphzE5CdgcdLXivnJIQ0836ctDRGPBpDWNk0m4mUbrpBz7L%2FuQ9%2BsoWsk%2FsyVW18raHDBH9IxQsX02fdGe%2FZA%3D%3D','2024-11-30 19:26:39','2024-11-30 19:26:39'),(138,'https://storage.googleapis.com/hatshop-bc917.appspot.com/photos/1732970303330-consider.jpg?GoogleAccessId=firebase-adminsdk-1dr9u%40hatshop-bc917.iam.gserviceaccount.com&Expires=16446992400&Signature=LXq5ykJtLR45FlD5lrQv8RZltBEHHCdT2o1GvO%2FmM%2F4fSycfQPaV9CXu6BYcOk83TmGnOpTcES4R%2BQD66pHUwo%2FZFeTcen5h5GoUPGj4Dts%2FkBogKx3q7F%2FWxhO3xEkH05dCIOm%2FCGJx1txs6BciurGOd%2FHXZoVsZ2SRlNxiL6TQtWbPp570Sqly27fX3ZZJjWb5J5AeSBS4X%2FaRfsUlTknr%2BXlSyGnaHvrZxtJdCeDq4sdgidOzvMLOalOPNInG2H2Lz7wxAvfQM7%2F2bcGD%2BNWALZTj6JmCWGdV8qFZIuIGRZXzXlr9%2FZl1cX3SRe7KHeixNJuoEOXyRpjbh8NcyA%3D%3D','2024-11-30 19:38:25','2024-11-30 19:38:25'),(139,'https://storage.googleapis.com/hatshop-bc917.appspot.com/photos/1732970623048-consider.jpg?GoogleAccessId=firebase-adminsdk-1dr9u%40hatshop-bc917.iam.gserviceaccount.com&Expires=16446992400&Signature=udqcpq4R%2BHBM1zLRpbu6HUoCDzJqn9pkbqEJxvNG7IxTYP5B4qsqauEDZlfnGB8kpeNMeZWzQQap7hPRkHVx8F43VGZqAB9vL4P3ytwfpRNsT81ul8hVZtc4yAdNY2eRqtAdat%2BYeDMzyeaLoU9GWRw%2B9Ej3%2BuRXHrfKmvW2FWBkhn1ZVm2NXPqXF2fG1HNq0lsphOG%2BtWLZl0xSzM6UsTiat3hEYWqSAnqnfCHuzMWnt%2B2k%2FCna6BNkF2My5UI6h%2B7FY63pWa2fFPc%2B9ECdBMRyZvtXZJ8BbGiGCfTiuU%2FSDGxIJJlFLztRL1algnV7l6BbX4hksGygOVvt7yvmyQ%3D%3D','2024-11-30 19:43:45','2024-11-30 19:43:45'),(140,'https://storage.googleapis.com/hatshop-bc917.appspot.com/photos/1732970671136-consequence.jpg?GoogleAccessId=firebase-adminsdk-1dr9u%40hatshop-bc917.iam.gserviceaccount.com&Expires=16446992400&Signature=xTQfv9asmDdwUm0wE1ex4zxpxyoid3IwJiPstmf97yeFPq3x5lU4L%2Fd9EGxzeqc1OftNtkIcAqlRz0OufW7IPumA%2BHYGjnJXWQIMCsbibfg6SfS%2F1adVobCgyYdSdXLXk9cKWO1eVk5sHuzHEGAMBQMdZmT7l1pxajMwwDuEUttxbRt7tHx7c2zK4eQ9BfEgFqNRqY%2F1gGamDat%2F1NUaUOVlOBex%2BDFQUH6UPtqXmzUrccG%2BN35g3cXMpEZUXgGiZMGT2PHK3tEn3xns6ldjciiI%2FGketsj64KDLbGXbi4rqZ2%2BV5M6DRGAt5dPgNpAdy0b%2BZvCyG9pn7esPr5t8JQ%3D%3D','2024-11-30 19:44:32','2024-11-30 19:44:32'),(141,'https://storage.googleapis.com/hatshop-bc917.appspot.com/photos/1732970799573-consequence.jpg?GoogleAccessId=firebase-adminsdk-1dr9u%40hatshop-bc917.iam.gserviceaccount.com&Expires=16446992400&Signature=4tzR%2BWbelDOsQ3%2Fna%2BVlbTi5Dq8TwgO8wzBtTsiYrkCFq%2FqrFDRAS2e3PEY4xlbKbT6k4nOOmSUaKa35fl6daxXDgM6SGywZoQs9J7RItzNBZjLGPr4UCgSwRfJRjtxH5xto%2BUwxF8yXAbO16rImGoi8ghxyze%2B72TXSK886Ty7hasSwCiC%2FZcyyru6YooOFwhmE2kRXBO3i59dTgWpu2JcwAoU55qh0gIxylix1hqgx6FJW6fcxRRBUbB6NemE2TRktHNz4b9yA0%2BKB9RWvgOzjo3LXdH5qD4EaC3gkVC3C6x7OlYTaVnd0d1fC4BjI%2BYs79pAwWKN6gAv7FKz88w%3D%3D','2024-11-30 19:46:41','2024-11-30 19:46:41'),(142,'https://storage.googleapis.com/hatshop-bc917.appspot.com/photos/1732970948023-consequence.jpg?GoogleAccessId=firebase-adminsdk-1dr9u%40hatshop-bc917.iam.gserviceaccount.com&Expires=16446992400&Signature=mYuMV2hThc%2BfxRLoV1oODUwRvt5p8FSGNPfnQg5iVLreTCE2rC%2Bp5YtLLl%2BsDxqDagA7otc0xIuk2jnYzcwfzB572hQ2f308bKcaQiZXrnu%2BHikxdrr3WQISeFGyhSjMoiZdbIHwuFWoo01VGAAcr%2FhrytLshZnuHfk8LRyYRAHtgBEGbyhgXBwKPcR0MDNkYxeCVjcNCZLWBHB%2F4J1YVgWev1lo9rVZgcyKfe2yhlmA9cYbwSuaait46yMbbtmhQnya5u5EOcBGkmMwq0v0V0rqWIeMkHlK1MZFsj81uIGpFaEbmh%2B9bhaRe%2FFixaT4reBkgBzQhq7Oe2qlTDiXLQ%3D%3D','2024-11-30 19:49:10','2024-11-30 19:49:10'),(143,'https://storage.googleapis.com/hatshop-bc917.appspot.com/photos/1732971090474-consequence.jpg?GoogleAccessId=firebase-adminsdk-1dr9u%40hatshop-bc917.iam.gserviceaccount.com&Expires=16446992400&Signature=SVH%2B8t9aW%2Fkythv6OOZoIHSAIG6gmcp8O6QShGMk8ud90ONAHMeU4SzuQj6elqBDLYUzpfpGLLjMMVXu7pr5%2F0MHnpCD0%2B7F21cN8S%2FBqJh3OcbOdzuUNiWfaEBJL5AJnFP%2BTQ3%2F59YmARFSaUG2GRlmR4KXLSIQ5QijMU5RZa7Zy45hQ0vWEi1mhVNAco9WGdeRXF%2BRYSZ16tsVWMy6CvDKnkEw0TPvNuzT8YUIJYzLM29dvu7GBYRaiTxNsD2uGwgy9R9vvm7l1kqvkhqT8cHj1M9PXfKrr%2BkGMZVZv5LXPL5NTA7goBrsR5Bb5G6HHbXu2vrZ2rqNN%2F5Bh1lETg%3D%3D','2024-11-30 19:51:32','2024-11-30 19:51:32'),(154,'https://storage.googleapis.com/hatshop-bc917.appspot.com/photos/1732974372750-productive.jpg?GoogleAccessId=firebase-adminsdk-1dr9u%40hatshop-bc917.iam.gserviceaccount.com&Expires=16446992400&Signature=VZ38f83eoaNUs6%2FleYoD0%2BNZfcsGGenly%2BIpfa4nlKevsNDAwUjuV1s6VykS4Xtgu8qbcGHLngC5RmPjyEt%2BxrjcCbZdnv5yzzCGhOFhnh5kU4RECms%2BrQf%2FYbG4vZSsK5fpv15EPfU0FuhZqRsnROs3M%2BaY4CZNWlAp31%2BrGESYxvv5NNUwf6AmohQinrzQsoBymvLIwENJ8CgvjUR%2FrfGBCrvT4D%2BB9E%2FyM5pDEBk%2B%2B3IvlQU35gQGtFbN3nDUoCp%2FiWtJNU5kD3kxPZqCKlukJevQkeXuD9dtY59Yy%2Fze5JrD0XVFRe%2B%2BUFm5vdHE%2BEA9OBaCRndCQhBAZcWHrQ%3D%3D','2024-11-30 20:46:15','2024-11-30 20:46:15'),(155,'https://storage.googleapis.com/hatshop-bc917.appspot.com/photos/1732974372392-persuasion.jpg?GoogleAccessId=firebase-adminsdk-1dr9u%40hatshop-bc917.iam.gserviceaccount.com&Expires=16446992400&Signature=uzHGQ3%2BrmswBSKj0y9ea9Loj0ZzkuFIMsQNYn0eArRestcnP2CuaTZT9RuLzdozJvDvHarRyqFEKSiGDJIcf7P9MYJB7dHyeuUaX%2BN%2Bn%2FUceAP3PmBT135WxrCqBafY0X%2Fq8GnWGvn9E0p8q6YdC5UisN%2BGOThGnYquipnT82d7TwaJxwhB%2BQObRqIExjqKCeGTkSctDQSXQAK8KbeoGf3wUH4g0enxLA14csQHTlImqaypkPbFCmhR%2BGVNBY6YeVWt0haMj%2FY5AFawMdck3SiNVNfGQOMpsWIkgkclM4DyLgA30Hns1xMBKc3ocjR97cR8T%2FVwJsXKAgjnxeX90IA%3D%3D','2024-11-30 20:46:15','2024-11-30 20:46:15'),(156,'https://storage.googleapis.com/hatshop-bc917.appspot.com/photos/1732974372964-competition.jpg?GoogleAccessId=firebase-adminsdk-1dr9u%40hatshop-bc917.iam.gserviceaccount.com&Expires=16446992400&Signature=rmHZCKf1vZeereGPVBdHP%2BgULFGiS3hakHamWywIx6F77UrOHgXhYFWOPhfQMu%2B0%2B4TMhud49x5228kes7b09%2Bs8XKg6D6Wwi5Su4acoYtOntceMFn6HNyKCxB3R3wLZVURb%2BZnJ8mDnGo0xUheI8eL4A%2FxVaUMuZH4xlTfOU3crIVPYcTwMzqqDrZdirxZRQ%2Bu4i2WofPupSjry5Y2WCeB7Oyt41nQ0gwt0rYske4yPo424eNKHrWzMjMDQrblEKOiejTZvwGHtTgqk5l4UbiXfOUUoxEYq4pzKi2xoemq%2BW1sGKv3xo%2FLX5swMTYRT9%2FjoUSvW21FF47IFI9aLhQ%3D%3D','2024-11-30 20:46:15','2024-11-30 20:46:15'),(157,'https://storage.googleapis.com/hatshop-bc917.appspot.com/photos/1732974372857-satisfaction.jpg?GoogleAccessId=firebase-adminsdk-1dr9u%40hatshop-bc917.iam.gserviceaccount.com&Expires=16446992400&Signature=HSXgA9pK131HO71sUTpAkqgx%2BWxmLsqs6cZdkqRb9rzEMl0zx8elhAbaRZJJXi7oAGJn5kei%2BNj%2BhGO%2BO5RfsWEkWVifFgwwn6Oq5vrcHUmCacKtrBOU%2FBJxNqqDVvyvjJtyk2XzXyWgAFCd9PQvs5UCrX9e89SIoeSlPswhfP5cGykjRciKDuKqm2GdguCdl4rswSVZKOKm%2Fv%2FZHyVNMiHZdeZ%2FXKhGmrwTSZgotWAlxBMkdDqMqkv02KYrPuqzD4o6I50de8kyBXALgE33ZuftMSl9z09%2Bcvw3Rr08jo1EEbMJrYr7shZ4vbIwmbPDp8FqdYbs%2F4QKmiEOsYOXkw%3D%3D','2024-11-30 20:46:15','2024-11-30 20:46:15'),(158,'https://storage.googleapis.com/hatshop-bc917.appspot.com/photos/1732974372971-market.jpg?GoogleAccessId=firebase-adminsdk-1dr9u%40hatshop-bc917.iam.gserviceaccount.com&Expires=16446992400&Signature=RimgLd2Oc5fEXBTuOVXNLFcRsabHmJ6hQceZaoYw%2Bp2SUnN%2BEUdJJ2qXsmh8LR9oS6hxEDpvsr2gR%2B3zhPiaLJG5JxbZFSOzCLXQqgcCxSZPNoVprUMfNBQFQb861Ntm6Z6owNND1Ebi2L9WqVIXm7zUV%2FRAVGxWT5mGaxk1SwWjpPB5wHM3fbxEycNUDglps8ffXhRoZvAPsy8IaAJ1oB%2Fa22G7vG7WVyc9Hs26R262XJJ4xY%2BumyasL6%2BfW68wW2hPGToKrfyMHP%2BUJXT9EMiiKpY%2F9wJR6oJEMs4CATeObznIa8t6BNbP2EYvQfYKS7DUQn%2Bc43h62x0twndWHw%3D%3D','2024-11-30 20:46:15','2024-11-30 20:46:15'),(159,'https://storage.googleapis.com/hatshop-bc917.appspot.com/photos/1732975242002-attract.jpg?GoogleAccessId=firebase-adminsdk-1dr9u%40hatshop-bc917.iam.gserviceaccount.com&Expires=16446992400&Signature=4rI8zQ0HO5obCSImd6X6VDeaYfW1jH3tDEPtuTAhec6962TKzd3HIt0A3ij8E2mN43rsvBLUhpL6apZRRHNho9xgSsGckKOETTMqG%2BIUSHOXboNnafKKl39Fxuq1DZS0Kr8f2H%2B5dLcONPuG3Od6ZCBfEa9R1u7PqeFAIBY4ruXod5tVKREtu9m7NJ%2F1bgX9mNIjeNFwYMrsg2EW4YloDRxg8FSYgM9T7l52IfRZ6tR47FcJuSCPdIP8m%2FjV2iArlSrD5lqLVIhFDkd2VPmp4B7HL7%2Ft%2F4y4lMIo8Pv%2F5B5aiOQlBPLg378k%2Fz6daUoy1mBKl39BFm%2BNEepE0SBtDA%3D%3D','2024-11-30 21:00:44','2024-11-30 21:00:44'),(160,'https://storage.googleapis.com/hatshop-bc917.appspot.com/photos/1732975242670-consume.jpg?GoogleAccessId=firebase-adminsdk-1dr9u%40hatshop-bc917.iam.gserviceaccount.com&Expires=16446992400&Signature=xJdC9ePKYnQxOV1oMFpe6EsuvKIxqdXcnd2Me6NcisUsnM1SFxYbOTDn1%2F5ALw5AiEUX7lTEgtI3CMQO1eub9FidFZFCQlw5Jdw4a1B5qfJcgiz%2FUaD5SZM5ZVDdDhO0pJh6PDBr7cijzGJxLVnrDvZCbhmTWbKEpOX11GvT6VRwiPVfaDl2qlBPJXAHxMt3lT6Bfh%2FnPvHSS8x4T%2FdMNfDo8pE5eifJTBa%2FxrMeglnx29kcXTrjgkxmNfAzDkrnT5MS2rpzyjXQi82HVMPR2Qc6Zg3PV7zXRUBLxDbT9lOtA7RCika%2BNUNj2xdiUF4XvUJH6wujGGDPpnQ88bp6iw%3D%3D','2024-11-30 21:00:44','2024-11-30 21:00:44'),(161,'https://storage.googleapis.com/hatshop-bc917.appspot.com/photos/1732975242340-inspiration.jpg?GoogleAccessId=firebase-adminsdk-1dr9u%40hatshop-bc917.iam.gserviceaccount.com&Expires=16446992400&Signature=f5dWt72YJqmLG2auYGh0ydOryCUMcJAMinIBN0N50cdqkUfrAdXJeEtOmkdaAvZxVG1TtYWxmqg8IbVh343K84gedwuHvoELkuAmnqDDfpyxlAFHYwA%2B5D9LboGbEmlP6LDRsjLn9eDzj2q5jMjhUmKr7i4AByhoQblfIocW7aCjqv9B%2FYL%2BOUEMZsBIqX2ZsaGIcaaGfb9LYST7%2FfFETiDh75ilYu4SYKYRrBjfCDqq0uB0%2FZPQStTPdd7zbANURy4dwQJZOEmhcb9DzGES5%2BDMezfven%2B%2BPJP2tThLeaBajC9PCZGshTlW0%2F4RqXCwe%2BT2wbi%2Fc7Qs1wK2fGAoKw%3D%3D','2024-11-30 21:00:44','2024-11-30 21:00:44'),(162,'https://storage.googleapis.com/hatshop-bc917.appspot.com/photos/1732975242530-compare.jpg?GoogleAccessId=firebase-adminsdk-1dr9u%40hatshop-bc917.iam.gserviceaccount.com&Expires=16446992400&Signature=p%2BWeQxwtzFP0%2FFGnAuYe9pCufaA8XhIgYeSI56r3kPIktrTi7gMdFrcbAn7wPMn9c5%2BCdvAo6ck6WZRiBmV%2FaOdwqkrviltRUPqjdxNhXd658lVsDVoJIz%2FBXa%2B91vWD0h2hxanuhmBtQnv6uSCGFAcbkZ7eMzHjQ45CVyiijCBlxHKHCoR7RDksCoUqHVa3R7U3jmlERh4Zaoo8bwkWNTd6HoJLrcLp%2FXTcKSUUEYzVlDj811cXrW329EvXk%2FhmERyTYFvrLXoKT0zuBEGctNQ3bbxOQn1UUzZSZxiUZg8LLsQsyoEGabBpezeOsBrte%2B%2BtWQRIQSZMPJDz%2Fup2TQ%3D%3D','2024-11-30 21:00:44','2024-11-30 21:00:44');
/*!40000 ALTER TABLE `Photos` ENABLE KEYS */;
UNLOCK TABLES;

--
-- Table structure for table `QuestionBundles`
--

DROP TABLE IF EXISTS `QuestionBundles`;
/*!40101 SET @saved_cs_client     = @@character_set_client */;
/*!50503 SET character_set_client = utf8mb4 */;
CREATE TABLE `QuestionBundles` (
  `id` int NOT NULL AUTO_INCREMENT,
  `questionGroupId` int DEFAULT NULL,
  `text` text,
  `photoId` int DEFAULT NULL,
  `audioId` int DEFAULT NULL,
  `updatedAt` datetime NOT NULL,
  `createdAt` datetime NOT NULL,
  PRIMARY KEY (`id`),
  KEY `questionGroupId` (`questionGroupId`),
  KEY `QuestionBundles_photoId_foreign_idx` (`photoId`),
  KEY `QuestionBundles_audioId_foreign_idx` (`audioId`),
  CONSTRAINT `QuestionBundles_audioId_foreign_idx` FOREIGN KEY (`audioId`) REFERENCES `Audios` (`id`) ON DELETE SET NULL ON UPDATE CASCADE,
  CONSTRAINT `QuestionBundles_ibfk_1` FOREIGN KEY (`questionGroupId`) REFERENCES `QuestionGroups` (`id`) ON DELETE CASCADE ON UPDATE CASCADE,
  CONSTRAINT `QuestionBundles_photoId_foreign_idx` FOREIGN KEY (`photoId`) REFERENCES `Photos` (`id`) ON DELETE SET NULL ON UPDATE CASCADE
) ENGINE=InnoDB AUTO_INCREMENT=19 DEFAULT CHARSET=utf8mb4 COLLATE=utf8mb4_0900_ai_ci;
/*!40101 SET character_set_client = @saved_cs_client */;

--
-- Dumping data for table `QuestionBundles`
--

LOCK TABLES `QuestionBundles` WRITE;
/*!40000 ALTER TABLE `QuestionBundles` DISABLE KEYS */;
INSERT INTO `QuestionBundles` VALUES (15,36,'Thank you for shopping at Larson’s China. Our products are known for their modern and unique patterns and color combinations, as well as (1) _____ and strength. (2) _____ Please note, however, that repeated drops and rough handling will (3) _____ eventual breakage. We suggest you store them carefully and that you don’t use harsh chemicals, steel sponges, or (4) _____ scrubbing when cleaning them. Please visit our website at www.larsonchina.com for information about handling and care or call us at 555-1234 if you have any questions or concerns.',NULL,NULL,'2024-11-26 12:34:15','2024-11-26 12:34:15'),(16,36,'To:Kitchen staff,office employees\r\nFrom:Manager, LarryPark\r\nDate:March 23\r\nSubject: Renovations\r\n\r\nTo all kitchen staff and Harmon employees,\r\n\r\nFrom Sunday, March 23 to Thursday, March 27, the employee cafeteria kitchens will undergo renovations as new appliances and equipment (1) _____ in to replace the old ones. \n(2) _____ Instead, the convenience shops will carry more sandwiches, prepared lunch boxes,and snacks for the employees during this time. \nThe renovations will increase the number of sinks, ovens, and stove tops so that a larger volume of meals can be provided (3) _____ the lunch and dinner rushes. \nWe apologize for the inconvenience but we hope that the changes will (4) _____ the services in the cafeteria.',NULL,NULL,'2024-11-26 12:34:15','2024-11-26 12:34:15'),(17,36,'Entry Position: Gold & Slide Accounting Firm\r\n\r\nWe are looking for enthusiastic candidates with an educational background in finance or (1) _____. \nAll candidates should have some computer experience. \nJob experience is not (2) _____ but preferred. \nCandidates with a bilingual language ability (3) _____ favored. \nPositions include jobs in accounting, statistics, and general office assistant. \nIf you are interested, please visit our website at www.G&Saccountingfirm.com/employment for more information. \nYou can send your cover letters and resumes to Karen Hill at khill@G&S.com. \nWe will begin interviewing candidates on Monday, November 5. \n(4) _____',NULL,NULL,'2024-11-26 12:34:15','2024-11-26 12:34:15'),(18,36,'To: samsmith@digitallT.com\r\nFrom: sharronb@email.com\r\nDate: September 24\r\nSubject: Business Contract\r\n\r\nDear Mr. \nSmith,\r\nI am Sharron Biggs, CEO and founder of BiggsGraphics. \nI recently came across your advertisement (1) _____ partnership of a graphic design company for a number of your projects. \nBiggsGraphics has (2) _____ experience working with various small businesses and companies in designing advertising campaigns, logos, and websites. \n(3) _____ Our website www.biggs-graphics.com also has some information about our company. \nI’m interested in working with your company on your projects and hope we can build a beneficial partnership. \nI look forward (4) _____ your reply. \nSincerely, Sharron Biggs\r\nCEO, BiggsGraphics',NULL,NULL,'2024-11-26 12:34:15','2024-11-26 12:34:15');
/*!40000 ALTER TABLE `QuestionBundles` ENABLE KEYS */;
UNLOCK TABLES;

--
-- Table structure for table `QuestionGroups`
--

DROP TABLE IF EXISTS `QuestionGroups`;
/*!40101 SET @saved_cs_client     = @@character_set_client */;
/*!50503 SET character_set_client = utf8mb4 */;
CREATE TABLE `QuestionGroups` (
  `id` int NOT NULL AUTO_INCREMENT,
  `partId` int DEFAULT NULL,
  `name` varchar(20) DEFAULT NULL,
  `createdAt` datetime NOT NULL,
  `updatedAt` datetime NOT NULL,
  PRIMARY KEY (`id`),
  KEY `partId` (`partId`),
  CONSTRAINT `QuestionGroups_ibfk_1` FOREIGN KEY (`partId`) REFERENCES `Parts` (`id`) ON DELETE CASCADE ON UPDATE CASCADE
) ENGINE=InnoDB AUTO_INCREMENT=38 DEFAULT CHARSET=utf8mb4 COLLATE=utf8mb4_0900_ai_ci;
/*!40101 SET character_set_client = @saved_cs_client */;

--
-- Dumping data for table `QuestionGroups`
--

LOCK TABLES `QuestionGroups` WRITE;
/*!40000 ALTER TABLE `QuestionGroups` DISABLE KEYS */;
INSERT INTO `QuestionGroups` VALUES (21,2,'Test 1','2024-11-19 13:57:42','2024-11-19 13:57:42'),(23,1,'Test 1','2024-11-24 19:28:47','2024-11-27 17:37:23'),(24,1,'Test 2','2024-11-24 19:35:49','2024-11-24 19:35:49'),(35,5,'Test 1','2024-11-26 10:45:47','2024-11-26 10:45:47'),(36,6,'Test 1','2024-11-26 12:34:15','2024-11-26 12:34:15'),(37,1,'Test 3','2024-11-28 15:39:21','2024-11-28 15:39:21');
/*!40000 ALTER TABLE `QuestionGroups` ENABLE KEYS */;
UNLOCK TABLES;

--
-- Table structure for table `Questions`
--

DROP TABLE IF EXISTS `Questions`;
/*!40101 SET @saved_cs_client     = @@character_set_client */;
/*!50503 SET character_set_client = utf8mb4 */;
CREATE TABLE `Questions` (
  `id` int NOT NULL AUTO_INCREMENT,
  `groupId` int DEFAULT NULL,
  `photoId` int DEFAULT NULL,
  `audioId` int DEFAULT NULL,
  `bundleId` int DEFAULT NULL,
  `question` text,
  `createdAt` datetime NOT NULL,
  `updatedAt` datetime NOT NULL,
  PRIMARY KEY (`id`),
  KEY `groupId` (`groupId`),
  KEY `photoId` (`photoId`),
  KEY `audioId` (`audioId`),
  KEY `explanationTextId` (`bundleId`),
  CONSTRAINT `Questions_ibfk_1` FOREIGN KEY (`groupId`) REFERENCES `QuestionGroups` (`id`) ON DELETE CASCADE ON UPDATE CASCADE,
  CONSTRAINT `Questions_ibfk_2` FOREIGN KEY (`photoId`) REFERENCES `Photos` (`id`) ON DELETE SET NULL ON UPDATE CASCADE,
  CONSTRAINT `Questions_ibfk_3` FOREIGN KEY (`audioId`) REFERENCES `Audios` (`id`) ON DELETE SET NULL ON UPDATE CASCADE,
  CONSTRAINT `Questions_ibfk_4` FOREIGN KEY (`bundleId`) REFERENCES `QuestionBundles` (`id`) ON DELETE SET NULL ON UPDATE CASCADE
) ENGINE=InnoDB AUTO_INCREMENT=279 DEFAULT CHARSET=utf8mb4 COLLATE=utf8mb4_0900_ai_ci;
/*!40101 SET character_set_client = @saved_cs_client */;

--
-- Dumping data for table `Questions`
--

LOCK TABLES `Questions` WRITE;
/*!40000 ALTER TABLE `Questions` DISABLE KEYS */;
INSERT INTO `Questions` VALUES (121,21,NULL,65,NULL,'Why weren’t the flyers ready in time for the event?','2024-11-19 13:57:42','2024-11-25 17:24:58'),(122,21,NULL,63,NULL,'How about renting a larger space for the party?','2024-11-19 13:57:42','2024-11-19 13:57:46'),(123,21,NULL,64,NULL,'How was the museum tour?','2024-11-19 13:57:42','2024-11-19 13:57:46'),(124,21,NULL,66,NULL,'What was the cost of replacing the window?','2024-11-19 13:57:42','2024-11-19 13:57:46'),(125,21,NULL,73,NULL,'It’s a comfortable chair.','2024-11-19 13:57:42','2024-11-19 13:57:46'),(126,21,NULL,76,NULL,'Have you introduced yourself to the new employee?','2024-11-19 13:57:42','2024-11-19 13:57:46'),(127,21,NULL,77,NULL,'Who’s speaking at tonight’s opening ceremony?','2024-11-19 13:57:42','2024-11-19 13:57:46'),(128,21,NULL,79,NULL,'Why don’t we take a group picture?','2024-11-19 13:57:42','2024-11-19 13:57:46'),(129,21,NULL,78,NULL,'When should I turn on the air conditioner?','2024-11-19 13:57:42','2024-11-19 13:57:46'),(130,21,NULL,81,NULL,'Shouldn’t our food have been served by now?','2024-11-19 13:57:42','2024-11-19 13:57:46'),(131,21,NULL,80,NULL,'Would you like to work together or separately?','2024-11-19 13:57:42','2024-11-19 13:57:46'),(132,21,NULL,82,NULL,'Where was the company picnic held?','2024-11-19 13:57:42','2024-11-19 13:57:46'),(133,21,NULL,84,NULL,'Have you considered building a fence?','2024-11-19 13:57:42','2024-11-19 13:57:46'),(134,21,NULL,83,NULL,'Will you be checking your e-mail tomorrow?','2024-11-19 13:57:42','2024-11-19 13:57:46'),(135,21,NULL,85,NULL,'I was very impressed with Alex’s singing.','2024-11-19 13:57:42','2024-11-19 13:57:46'),(136,21,NULL,86,NULL,'Would you like to borrow this book when I finish reading it?','2024-11-19 13:57:42','2024-11-19 13:57:46'),(137,21,NULL,62,NULL,'Are you going out for dinner or staying in?','2024-11-19 13:57:42','2024-11-19 13:57:46'),(138,21,NULL,68,NULL,'Who’s working at the front desk today?','2024-11-19 13:57:42','2024-11-19 13:57:46'),(139,21,NULL,69,NULL,'Didn’t you receive a paycheck?','2024-11-19 13:57:42','2024-11-19 13:57:46'),(140,21,NULL,70,NULL,'Why did the subway stop running early tonight?','2024-11-19 13:57:42','2024-11-19 13:57:47'),(141,21,NULL,71,NULL,'You set up chairs in the conference room, didn’t you?','2024-11-19 13:57:42','2024-11-19 13:57:47'),(142,21,NULL,67,NULL,'This new coffee maker was very expensive.','2024-11-19 13:57:42','2024-11-19 13:57:47'),(143,21,NULL,72,NULL,'The elevator has been repaired, right?','2024-11-19 13:57:42','2024-11-19 13:57:47'),(144,21,NULL,74,NULL,'I couldn’t get a hold of George.','2024-11-19 13:57:42','2024-11-19 13:57:47'),(145,21,NULL,75,NULL,'Where does this bus go to?','2024-11-19 13:57:42','2024-11-19 13:57:47'),(152,23,74,94,NULL,'','2024-11-24 19:28:47','2024-11-24 19:28:50'),(153,23,73,93,NULL,'','2024-11-24 19:28:47','2024-11-24 19:28:50'),(154,23,70,97,NULL,'','2024-11-24 19:28:47','2024-11-24 19:28:50'),(155,23,75,98,NULL,'','2024-11-24 19:28:47','2024-11-24 19:28:50'),(156,23,72,96,NULL,'','2024-11-24 19:28:47','2024-11-24 19:28:50'),(157,23,71,95,NULL,'','2024-11-24 19:28:47','2024-11-24 19:28:50'),(158,24,80,99,NULL,'','2024-11-24 19:35:49','2024-11-24 19:35:52'),(159,24,79,103,NULL,'','2024-11-24 19:35:49','2024-11-24 19:35:52'),(160,24,78,102,NULL,'','2024-11-24 19:35:49','2024-11-24 19:35:52'),(161,24,76,101,NULL,'','2024-11-24 19:35:49','2024-11-24 19:35:52'),(162,24,77,100,NULL,'','2024-11-24 19:35:49','2024-11-24 19:35:52'),(163,24,81,104,NULL,'','2024-11-24 19:35:49','2024-11-24 19:35:52'),(224,35,NULL,NULL,NULL,'Having proper ventilation throughout the building is _____ for protecting the health and well-being of the workers.','2024-11-26 10:45:47','2024-11-26 10:45:47'),(225,35,NULL,NULL,NULL,'The building owner purchased the property _____ three months ago, but she has already spent a great deal of money on renovations.','2024-11-26 10:45:47','2024-11-26 10:45:47'),(226,35,NULL,NULL,NULL,'When filling out the order form, please _____ your address clearly to prevent delays.','2024-11-26 10:45:47','2024-11-26 10:45:47'),(227,35,NULL,NULL,NULL,'At the guest’s _____ , an extra set of towels and complimentary soaps were brought to the room.','2024-11-26 10:45:47','2024-11-26 10:45:47'),(228,35,NULL,NULL,NULL,'The governmental department used to provide financial aid, but now it offers _____ services only.','2024-11-26 10:45:47','2024-11-26 10:45:47'),(229,35,NULL,NULL,NULL,'The contractor had a fifteen-percent _____ in his business after advertising in the local newspaper.','2024-11-26 10:45:47','2024-11-26 10:45:47'),(230,35,NULL,NULL,NULL,'The company _____ lowered its prices to outsell its competitors and attract more customers.','2024-11-26 10:45:47','2024-11-26 10:45:47'),(231,35,NULL,NULL,NULL,'The sprinklers for the lawn’s irrigation system are _____controlled.','2024-11-26 10:45:47','2024-11-26 10:45:47'),(232,35,NULL,NULL,NULL,'The company started to recognize the increasing _____ of using resources responsibly.','2024-11-26 10:45:47','2024-11-26 10:45:47'),(233,35,NULL,NULL,NULL,'Mr. Sims needs a more _____ vehicle for commuting from his suburban home to his office downtown.','2024-11-26 10:45:47','2024-11-26 10:45:47'),(234,35,NULL,NULL,NULL,'The free clinic was founded by a group of doctors to give_____for various medical conditions.','2024-11-26 10:45:47','2024-11-26 10:45:47'),(235,35,NULL,NULL,NULL,'The artist sent _____ best pieces to the gallery to be reviewed by the owner','2024-11-26 10:45:47','2024-11-26 10:45:47'),(236,35,NULL,NULL,NULL,'The upscale boutique Jane’s Closet is known for selling the most stylish _____ for young professionals.','2024-11-26 10:45:47','2024-11-26 10:45:47'),(237,35,NULL,NULL,NULL,'During the peak season, it is _____ to hire additional workers for the weekend shifts.','2024-11-26 10:45:47','2024-11-26 10:45:47'),(238,35,NULL,NULL,NULL,'Mr. Ross, _____is repainting the interior of the lobby, was recommended by a friend of the building manager.','2024-11-26 10:45:47','2024-11-26 10:45:47'),(239,35,NULL,NULL,NULL,'We would like to discuss this problem honestly and _____ at the next staff meeting.','2024-11-26 10:45:47','2024-11-26 10:45:47'),(240,35,NULL,NULL,NULL,'The library staff posted signs to _____ patrons of the upcoming closure for renovations.','2024-11-26 10:45:47','2024-11-26 10:45:47'),(241,35,NULL,NULL,NULL,'The guidelines for the monthly publication are _____revised to adapt to the changing readers.','2024-11-26 10:45:47','2024-11-26 10:45:47'),(242,35,NULL,NULL,NULL,'The store’s manager plans to put the new merchandise on display _____ to promote the line of fall fashions.','2024-11-26 10:45:47','2024-11-26 10:45:47'),(243,35,NULL,NULL,NULL,'For optimal safety on the road, avoid _____ the view of the rear window and side-view mirrors.','2024-11-26 10:45:47','2024-11-26 10:45:47'),(244,35,NULL,NULL,NULL,'_____ seeking a position at Tulare Designs must submit a portfolio of previous work.','2024-11-26 10:45:47','2024-11-26 10:45:47'),(245,35,NULL,NULL,NULL,'_____ that the insulation has been replaced, the building is much more energy-efficient.','2024-11-26 10:45:47','2024-11-26 10:45:47'),(246,35,NULL,NULL,NULL,'_____ sales of junk food have been steadily declining indicates that consumers are becoming more health-conscious.','2024-11-26 10:45:47','2024-11-26 10:45:47'),(247,35,NULL,NULL,NULL,'Ms. Morgan recruited the individuals that the company _____ for the next three months.','2024-11-26 10:45:47','2024-11-26 10:45:47'),(248,35,NULL,NULL,NULL,'_____Mr. Williams addressed the audience, he showed a brief video about the engine he had designed.','2024-11-26 10:45:47','2024-11-26 10:45:47'),(249,35,NULL,NULL,NULL,'_____ an ankle injury, the baseball player participated in the last game of the season.','2024-11-26 10:45:47','2024-11-26 10:45:47'),(250,35,NULL,NULL,NULL,'Participants in the walking tour should gather_____ 533 Bates Road on Saturday morning.','2024-11-26 10:45:47','2024-11-26 10:45:47'),(251,35,NULL,NULL,NULL,'_____ restructuring several departments within the company, the majority of the problems with miscommunication have disappeared.','2024-11-26 10:45:47','2024-11-26 10:45:47'),(252,35,NULL,NULL,NULL,'The figures that accompany the financial statement should be _____ to the spending category.','2024-11-26 10:45:47','2024-11-26 10:45:47'),(253,35,NULL,NULL,NULL,'The riskiest _____ of the development of new medications are the trials with human subjects.','2024-11-26 10:45:47','2024-11-26 10:45:47'),(254,36,NULL,NULL,15,'Our products are known for their modern and unique patterns and color combinations, as well as (1) _____ and strength','2024-11-26 12:34:15','2024-11-26 12:34:15'),(255,36,NULL,NULL,16,'From Sunday, March 23 to Thursday, March 27, the employee cafeteria kitchens will undergo renovations as new appliances and equipment (1) _____ in to replace the old ones.','2024-11-26 12:34:15','2024-11-26 12:34:15'),(256,36,NULL,NULL,18,'I recently came across your advertisement (1) _____ partnership of a graphic design company for a number of your projects.','2024-11-26 12:34:15','2024-11-26 12:34:15'),(257,36,NULL,NULL,17,'We are looking for enthusiastic candidates with an educational background in finance or (1) _____.','2024-11-26 12:34:15','2024-11-26 12:34:15'),(258,36,NULL,NULL,16,'(2) _____ Instead, the convenience shops will carry more sandwiches, prepared lunch boxes,and snacks for the employees during this time.','2024-11-26 12:34:15','2024-11-26 12:34:15'),(259,36,NULL,NULL,18,'BiggsGraphics has (2) _____ experience working with various small businesses and companies in designing advertising campaigns, logos, and websites.','2024-11-26 12:34:15','2024-11-26 12:34:15'),(260,36,NULL,NULL,15,'(2) _____ Please note, however, that repeated drops and rough handling will _____ eventual breakage.','2024-11-26 12:34:15','2024-11-26 12:34:15'),(261,36,NULL,NULL,17,'Job experience is not (2) _____ but preferred.','2024-11-26 12:34:15','2024-11-26 12:34:15'),(262,36,NULL,NULL,16,'The renovations will increase the number of sinks, ovens, and stove tops so that a larger volume of meals can be provided (3) _____ the lunch and dinner rushes.','2024-11-26 12:34:15','2024-11-26 12:34:15'),(263,36,NULL,NULL,17,'Candidates with a bilingual language ability (3) _____ favored.','2024-11-26 12:34:15','2024-11-26 12:34:15'),(264,36,NULL,NULL,18,'(3) _____ Our website www.biggs-graphics.com also has some information about our company.','2024-11-26 12:34:15','2024-11-26 12:34:15'),(265,36,NULL,NULL,15,'_____ Please note, however, that repeated drops and rough handling will (3) _____ eventual breakage.','2024-11-26 12:34:15','2024-11-26 12:34:15'),(266,36,NULL,NULL,17,'We will begin interviewing candidates on Monday, November 5. (4) _____','2024-11-26 12:34:15','2024-11-26 12:34:15'),(267,36,NULL,NULL,16,'We apologize for the inconvenience but we hope that the changes will (4) _____ the services in the cafeteria.','2024-11-26 12:34:15','2024-11-26 12:34:15'),(268,36,NULL,NULL,18,'I look forward (4) _____ your reply.','2024-11-26 12:34:15','2024-11-26 12:34:15'),(269,36,NULL,NULL,15,'We suggest you store them carefully and that you don’t use harsh chemicals, steel sponges, or (4) _____ scrubbing when cleaning them.','2024-11-26 12:34:15','2024-11-26 12:34:15'),(273,37,108,133,NULL,'','2024-11-28 15:39:21','2024-11-28 15:39:24'),(274,37,109,134,NULL,'','2024-11-28 15:39:21','2024-11-28 15:39:24'),(275,37,110,137,NULL,'','2024-11-28 15:39:21','2024-11-28 15:39:24'),(276,37,111,136,NULL,'','2024-11-28 15:39:22','2024-11-28 15:39:24'),(277,37,112,135,NULL,'','2024-11-28 15:39:22','2024-11-28 15:39:24'),(278,37,113,138,NULL,'','2024-11-28 15:39:22','2024-11-28 15:39:24');
/*!40000 ALTER TABLE `Questions` ENABLE KEYS */;
UNLOCK TABLES;

--
-- Table structure for table `RefreshTokens`
--

DROP TABLE IF EXISTS `RefreshTokens`;
/*!40101 SET @saved_cs_client     = @@character_set_client */;
/*!50503 SET character_set_client = utf8mb4 */;
CREATE TABLE `RefreshTokens` (
  `id` int NOT NULL AUTO_INCREMENT,
  `userId` int DEFAULT NULL,
  `refreshToken` varchar(256) DEFAULT NULL,
  `createdAt` datetime NOT NULL,
  `updatedAt` datetime NOT NULL,
  PRIMARY KEY (`id`),
  KEY `userId` (`userId`),
  CONSTRAINT `RefreshTokens_ibfk_1` FOREIGN KEY (`userId`) REFERENCES `Users` (`id`)
) ENGINE=InnoDB AUTO_INCREMENT=26 DEFAULT CHARSET=utf8mb4 COLLATE=utf8mb4_0900_ai_ci;
/*!40101 SET character_set_client = @saved_cs_client */;

--
-- Dumping data for table `RefreshTokens`
--

LOCK TABLES `RefreshTokens` WRITE;
/*!40000 ALTER TABLE `RefreshTokens` DISABLE KEYS */;
INSERT INTO `RefreshTokens` VALUES (10,1,'eyJhbGciOiJIUzI1NiIsInR5cCI6IkpXVCJ9.eyJpZCI6MSwiaWF0IjoxNzMyNzAzNzY0LCJleHAiOjE3MzM5MTMzNjR9.Zcx0nqD-djbLMOa0SHSAXO7OG6XSHq9-YScX6lhTX4A','2024-11-27 17:36:04','2024-11-27 17:36:04'),(17,2,'eyJhbGciOiJIUzI1NiIsInR5cCI6IkpXVCJ9.eyJpZCI6MiwiaWF0IjoxNzMyNzE2OTIzLCJleHAiOjE3MzM5MjY1MjN9.BFAEfFpSBWivUeCfzuE7GwagvJfkp4NLf7cfsBx96AA','2024-11-27 21:15:23','2024-11-27 21:15:23'),(25,1,'eyJhbGciOiJIUzI1NiIsInR5cCI6IkpXVCJ9.eyJpZCI6MSwiaWF0IjoxNzMyOTgzNzI4LCJleHAiOjE3MzQxOTMzMjh9.xqJEaVfrFvIh1SAukFvoEB4aKvWP0sXQ1ZSiQF2gSKE','2024-11-30 23:22:08','2024-11-30 23:22:08');
/*!40000 ALTER TABLE `RefreshTokens` ENABLE KEYS */;
UNLOCK TABLES;

--
-- Table structure for table `RoleDetails`
--

DROP TABLE IF EXISTS `RoleDetails`;
/*!40101 SET @saved_cs_client     = @@character_set_client */;
/*!50503 SET character_set_client = utf8mb4 */;
CREATE TABLE `RoleDetails` (
  `userId` int NOT NULL,
  `roleId` int NOT NULL,
  `createdAt` datetime NOT NULL,
  `updatedAt` datetime NOT NULL,
  PRIMARY KEY (`userId`,`roleId`),
  KEY `roleId` (`roleId`),
  CONSTRAINT `RoleDetails_ibfk_1` FOREIGN KEY (`userId`) REFERENCES `Users` (`id`) ON DELETE CASCADE ON UPDATE CASCADE,
  CONSTRAINT `RoleDetails_ibfk_2` FOREIGN KEY (`roleId`) REFERENCES `Roles` (`id`) ON DELETE CASCADE ON UPDATE CASCADE
) ENGINE=InnoDB DEFAULT CHARSET=utf8mb4 COLLATE=utf8mb4_0900_ai_ci;
/*!40101 SET character_set_client = @saved_cs_client */;

--
-- Dumping data for table `RoleDetails`
--

LOCK TABLES `RoleDetails` WRITE;
/*!40000 ALTER TABLE `RoleDetails` DISABLE KEYS */;
INSERT INTO `RoleDetails` VALUES (1,30001,'2024-11-18 22:45:56','2024-11-18 22:45:56'),(1,52456,'2024-11-18 22:45:56','2024-11-18 22:45:56'),(1,78643,'2024-11-18 22:45:56','2024-11-18 22:45:56'),(2,30001,'2024-11-27 17:38:59','2024-11-27 17:38:59');
/*!40000 ALTER TABLE `RoleDetails` ENABLE KEYS */;
UNLOCK TABLES;

--
-- Table structure for table `Roles`
--

DROP TABLE IF EXISTS `Roles`;
/*!40101 SET @saved_cs_client     = @@character_set_client */;
/*!50503 SET character_set_client = utf8mb4 */;
CREATE TABLE `Roles` (
  `id` int NOT NULL,
  `name` varchar(10) NOT NULL,
  PRIMARY KEY (`id`)
) ENGINE=InnoDB DEFAULT CHARSET=utf8mb4 COLLATE=utf8mb4_0900_ai_ci;
/*!40101 SET character_set_client = @saved_cs_client */;

--
-- Dumping data for table `Roles`
--

LOCK TABLES `Roles` WRITE;
/*!40000 ALTER TABLE `Roles` DISABLE KEYS */;
INSERT INTO `Roles` VALUES (30001,'USER'),(52456,'ADMIN'),(78643,'EDITOR');
/*!40000 ALTER TABLE `Roles` ENABLE KEYS */;
UNLOCK TABLES;

--
-- Table structure for table `SequelizeMeta`
--

DROP TABLE IF EXISTS `SequelizeMeta`;
/*!40101 SET @saved_cs_client     = @@character_set_client */;
/*!50503 SET character_set_client = utf8mb4 */;
CREATE TABLE `SequelizeMeta` (
  `name` varchar(255) CHARACTER SET utf8mb3 COLLATE utf8mb3_unicode_ci NOT NULL,
  PRIMARY KEY (`name`),
  UNIQUE KEY `name` (`name`)
) ENGINE=InnoDB DEFAULT CHARSET=utf8mb3 COLLATE=utf8mb3_unicode_ci;
/*!40101 SET character_set_client = @saved_cs_client */;

--
-- Dumping data for table `SequelizeMeta`
--

LOCK TABLES `SequelizeMeta` WRITE;
/*!40000 ALTER TABLE `SequelizeMeta` DISABLE KEYS */;
INSERT INTO `SequelizeMeta` VALUES ('2000-create-user.js'),('2001-create-vocabulary-topics.js'),('2002-create-vocabulary.js'),('2003-create-vocabulary-practice-status.js'),('2004-create-role.js'),('2005-create-role-detail.js'),('2006-create-refresh-token.js'),('2007-create-part.js'),('2008-create-question-group.js'),('2009-create-audio.js'),('2010-create-photo.js'),('2011-create-explanation-text.js'),('2011-create-question-bundle.js'),('2012-create-question.js'),('2013-create-answer.js'),('2014-create-correct-answer.js'),('2015-create-user-answer.js'),('20241129112948-add-photoId-to-vocabularies.js');
/*!40000 ALTER TABLE `SequelizeMeta` ENABLE KEYS */;
UNLOCK TABLES;

--
-- Table structure for table `UserAnswers`
--

DROP TABLE IF EXISTS `UserAnswers`;
/*!40101 SET @saved_cs_client     = @@character_set_client */;
/*!50503 SET character_set_client = utf8mb4 */;
CREATE TABLE `UserAnswers` (
  `userId` int NOT NULL,
  `questionId` int NOT NULL,
  `answerId` int DEFAULT NULL,
  `createdAt` datetime NOT NULL,
  `updatedAt` datetime NOT NULL,
  PRIMARY KEY (`userId`,`questionId`),
  KEY `questionId` (`questionId`),
  KEY `answerId` (`answerId`),
  CONSTRAINT `UserAnswers_ibfk_1` FOREIGN KEY (`userId`) REFERENCES `Users` (`id`) ON DELETE CASCADE ON UPDATE CASCADE,
  CONSTRAINT `UserAnswers_ibfk_2` FOREIGN KEY (`questionId`) REFERENCES `Questions` (`id`) ON DELETE CASCADE ON UPDATE CASCADE,
  CONSTRAINT `UserAnswers_ibfk_3` FOREIGN KEY (`answerId`) REFERENCES `Answers` (`id`) ON DELETE CASCADE ON UPDATE CASCADE
) ENGINE=InnoDB DEFAULT CHARSET=utf8mb4 COLLATE=utf8mb4_0900_ai_ci;
/*!40101 SET character_set_client = @saved_cs_client */;

--
-- Dumping data for table `UserAnswers`
--

LOCK TABLES `UserAnswers` WRITE;
/*!40000 ALTER TABLE `UserAnswers` DISABLE KEYS */;
INSERT INTO `UserAnswers` VALUES (1,121,471,'2024-11-28 15:59:03','2024-11-28 15:59:03'),(1,122,475,'2024-11-28 16:28:06','2024-11-28 16:28:06'),(1,123,470,'2024-11-28 16:30:25','2024-11-28 16:30:25'),(1,124,484,'2024-11-28 16:30:32','2024-11-28 16:30:32'),(1,125,480,'2024-11-28 16:32:07','2024-11-28 16:32:07'),(1,126,481,'2024-11-28 16:32:55','2024-11-28 16:32:55'),(1,127,493,'2024-11-28 16:33:31','2024-11-28 16:33:31'),(1,152,568,'2024-11-28 15:41:51','2024-11-28 15:41:51'),(1,153,574,'2024-11-28 15:42:19','2024-11-28 15:42:19'),(1,154,584,'2024-11-28 15:42:43','2024-11-28 15:42:43'),(1,155,577,'2024-11-28 15:43:09','2024-11-28 15:43:09'),(1,156,581,'2024-11-28 15:43:34','2024-11-28 15:43:34'),(1,157,590,'2024-11-28 15:43:58','2024-11-28 15:43:58'),(2,152,571,'2024-11-28 14:00:27','2024-11-28 14:00:27'),(2,153,572,'2024-11-28 15:10:23','2024-11-28 15:10:23'),(2,154,584,'2024-11-28 15:11:24','2024-11-28 15:11:24'),(2,155,577,'2024-11-28 15:12:21','2024-11-28 15:12:21'),(2,156,581,'2024-11-28 15:12:48','2024-11-28 15:12:48'),(2,157,591,'2024-11-28 15:13:18','2024-11-28 15:13:18'),(2,158,592,'2024-11-28 15:22:32','2024-11-28 15:22:32'),(2,159,597,'2024-11-28 15:23:21','2024-11-28 15:23:21'),(2,160,604,'2024-11-28 15:23:50','2024-11-28 15:23:50'),(2,161,608,'2024-11-28 15:24:29','2024-11-28 15:24:29'),(2,162,603,'2024-11-28 15:25:02','2024-11-28 15:25:02'),(2,163,612,'2024-11-28 15:25:22','2024-11-28 15:25:22');
/*!40000 ALTER TABLE `UserAnswers` ENABLE KEYS */;
UNLOCK TABLES;

--
-- Table structure for table `Users`
--

DROP TABLE IF EXISTS `Users`;
/*!40101 SET @saved_cs_client     = @@character_set_client */;
/*!50503 SET character_set_client = utf8mb4 */;
CREATE TABLE `Users` (
  `id` int NOT NULL AUTO_INCREMENT,
  `firstName` varchar(50) DEFAULT NULL,
  `lastName` varchar(30) DEFAULT NULL,
  `email` varchar(255) DEFAULT NULL,
  `password` varchar(64) DEFAULT NULL,
  `phoneNumber` varchar(12) DEFAULT NULL,
  `createdAt` datetime NOT NULL,
  `updatedAt` datetime NOT NULL,
  PRIMARY KEY (`id`)
) ENGINE=InnoDB AUTO_INCREMENT=4 DEFAULT CHARSET=utf8mb4 COLLATE=utf8mb4_0900_ai_ci;
/*!40101 SET character_set_client = @saved_cs_client */;

--
-- Dumping data for table `Users`
--

LOCK TABLES `Users` WRITE;
/*!40000 ALTER TABLE `Users` DISABLE KEYS */;
INSERT INTO `Users` VALUES (1,'Truong','Nguyen','nguyenthaitruong1223@gmail.com','$2b$10$bfCAN3DDxO0Q83O8c9aEu.S.Ca0.EI9luMRF/FzNtfAc2V9CX6Wca','0948915051','2024-11-18 22:45:56','2024-11-18 22:45:56'),(2,NULL,NULL,'nguyenthaitruong.entertainment@gmail.com','$2b$10$2f/HVf9J/6F0vxYJlfD/4uamT6Va6DdCLxCzDxFrLYN6dF.2eSDRS',NULL,'2024-11-27 17:38:59','2024-11-27 17:38:59');
/*!40000 ALTER TABLE `Users` ENABLE KEYS */;
UNLOCK TABLES;

--
-- Table structure for table `Vocabularies`
--

DROP TABLE IF EXISTS `Vocabularies`;
/*!40101 SET @saved_cs_client     = @@character_set_client */;
/*!50503 SET character_set_client = utf8mb4 */;
CREATE TABLE `Vocabularies` (
  `id` int NOT NULL AUTO_INCREMENT,
  `topicId` int DEFAULT NULL,
  `word` varchar(50) DEFAULT NULL,
  `pronunciation` varchar(100) CHARACTER SET utf8mb4 COLLATE utf8mb4_0900_ai_ci DEFAULT NULL,
  `definition` text,
  `example` text,
  `photoId` int DEFAULT NULL,
  `createdAt` datetime NOT NULL,
  `updatedAt` datetime NOT NULL,
  PRIMARY KEY (`id`),
  KEY `Vocabularies_ibfk_1` (`topicId`),
  KEY `Vocabularies_photoId_foreign_idx` (`photoId`),
  CONSTRAINT `Vocabularies_ibfk_1` FOREIGN KEY (`topicId`) REFERENCES `VocabularyTopics` (`id`) ON DELETE CASCADE ON UPDATE CASCADE,
  CONSTRAINT `Vocabularies_photoId_foreign_idx` FOREIGN KEY (`photoId`) REFERENCES `Photos` (`id`) ON DELETE CASCADE ON UPDATE CASCADE
) ENGINE=InnoDB AUTO_INCREMENT=72 DEFAULT CHARSET=utf8mb4 COLLATE=utf8mb4_0900_ai_ci;
/*!40101 SET character_set_client = @saved_cs_client */;

--
-- Dumping data for table `Vocabularies`
--

LOCK TABLES `Vocabularies` WRITE;
/*!40000 ALTER TABLE `Vocabularies` DISABLE KEYS */;
INSERT INTO `Vocabularies` VALUES (15,6,'variety',' /vəˈraɪəti/','Many different kinds\n','He resigned for a variety of reasons.\n',125,'2024-11-30 18:42:37','2024-11-30 18:42:37'),(16,6,'promise','/ˈprɑːmɪs/','to pledge to do; bring about; or provide\n','A warranty is a promise the manufacturer makes to the consumer.\n',128,'2024-11-30 18:42:37','2024-11-30 18:42:37'),(17,6,'require','/rɪˈkwaɪər/','to deem necessary or essential\n','A car warranty may require the owner to have it serviced by a certified mechanic.\n',127,'2024-11-30 18:42:37','2024-11-30 18:42:37'),(18,6,'reputation','/ˌrepjuˈteɪʃn/','the overall quality of character','Even though the salesperson showed me a product i had never heard of, I bought it because of the good reputation of the manufacturer.\n',126,'2024-11-30 18:42:37','2024-11-30 18:42:37'),(19,6,'frequently','/ˈfriːkwəntli/','occurring commonly; widespread\n','Appliances frequently come with a one-year warranty.\n',129,'2024-11-30 18:42:37','2024-11-30 18:42:37'),(20,6,'imply','/ɪmˈplaɪ/','to indicate by inference\n','The guarantee on the Walkman implied that all damages were covered under warranty for one year.\n',130,'2024-11-30 18:42:37','2024-11-30 18:42:37'),(21,6,'consider','/kənˈsɪdər/','to think about carefully\n','The customer considered buying the VCR until he learned that the warranty coverage was very limited.\n',131,'2024-11-30 18:42:37','2024-11-30 18:42:37'),(22,6,'characteristic','/ˌkærəktəˈrɪstɪk/','revealing of individual traits','The cooking pot has features characteristic of the brand, such as “stay cool\" handles.\n',132,'2024-11-30 18:42:37','2024-11-30 18:42:37'),(23,6,'consequence','/ˈkɑːnsəkwens/','revealing of individual traits\n','The cooking pot has features characteristic of the brand, such as “stay cool\" handles.\n',133,'2024-11-30 18:42:37','2024-11-30 18:42:37'),(24,6,'expiration','/ˌekspəˈreɪʃn/','the end\n','He stayed on past the expiration of his tourist visa.\n',134,'2024-11-30 18:42:37','2024-11-30 18:42:37'),(61,5,'productive','/prəˈdʌktɪv/','constructive; high yield\n','The unproductive sales meeting brought many staff complaints.\n',154,'2024-11-30 21:00:44','2024-11-30 21:00:44'),(62,5,'satisfaction','/ˌsætɪsˈfækʃn/','happiness\n','He had the satisfaction of seeing his book become a bestseller.\n',157,'2024-11-30 21:00:44','2024-11-30 21:00:44'),(63,5,'persuation','/pərˈsweɪʒn/','the power to influence; a deep conviction or belief\n','The seminar teaches techniques of persuasion to increase sales.\n',155,'2024-11-30 21:00:44','2024-11-30 21:00:44'),(64,5,'competition','/ˌkɑːmpəˈtɪʃn/','a contest or struggle\n','We are in competition with four other companies for the contract.\n',156,'2024-11-30 21:00:44','2024-11-30 21:00:44'),(65,5,'market','/ˈmɑːrkɪt/','the course of buying and selling a product; the demand for a product\n','Are you sure there\'s a market for the product?\n',158,'2024-11-30 21:00:44','2024-11-30 21:00:44'),(66,5,'attract','/əˈtrækt/','to draw by appeal\n','The display attracted a number of people at the convention.\n',159,'2024-11-30 21:00:44','2024-11-30 21:00:44'),(67,5,'consume','/kənˈsuːm/','to absorb; to use up\n','The business plans consumed all of Fritz’s attention this fall.\n',160,'2024-11-30 21:00:44','2024-11-30 21:00:44'),(68,5,'inspiration','/ˌɪnspəˈreɪʃn/','A thing or person that arouses a feeling\n','Dreams can be a rich source of inspiration for an artist.\n',161,'2024-11-30 21:00:44','2024-11-30 21:00:44'),(69,5,'compare','/kəmˈper/','to examine similarities and differences\n','Once the customer compared the two products, her choice was easy.\n',162,'2024-11-30 21:00:44','2024-11-30 21:00:44');
/*!40000 ALTER TABLE `Vocabularies` ENABLE KEYS */;
UNLOCK TABLES;

--
-- Table structure for table `VocabularyPracticeStatuses`
--

DROP TABLE IF EXISTS `VocabularyPracticeStatuses`;
/*!40101 SET @saved_cs_client     = @@character_set_client */;
/*!50503 SET character_set_client = utf8mb4 */;
CREATE TABLE `VocabularyPracticeStatuses` (
  `userId` int NOT NULL,
  `vocabularyId` int NOT NULL,
  `status` int NOT NULL,
  `createdAt` datetime NOT NULL,
  `updatedAt` datetime NOT NULL,
  PRIMARY KEY (`userId`,`vocabularyId`),
  KEY `vocabularyId` (`vocabularyId`),
  CONSTRAINT `VocabularyPracticeStatuses_ibfk_1` FOREIGN KEY (`userId`) REFERENCES `Users` (`id`) ON DELETE CASCADE ON UPDATE CASCADE,
  CONSTRAINT `VocabularyPracticeStatuses_ibfk_2` FOREIGN KEY (`vocabularyId`) REFERENCES `Vocabularies` (`id`) ON DELETE CASCADE ON UPDATE CASCADE
) ENGINE=InnoDB DEFAULT CHARSET=utf8mb4 COLLATE=utf8mb4_0900_ai_ci;
/*!40101 SET character_set_client = @saved_cs_client */;

--
-- Dumping data for table `VocabularyPracticeStatuses`
--

LOCK TABLES `VocabularyPracticeStatuses` WRITE;
/*!40000 ALTER TABLE `VocabularyPracticeStatuses` DISABLE KEYS */;
/*!40000 ALTER TABLE `VocabularyPracticeStatuses` ENABLE KEYS */;
UNLOCK TABLES;

--
-- Table structure for table `VocabularyTopics`
--

DROP TABLE IF EXISTS `VocabularyTopics`;
/*!40101 SET @saved_cs_client     = @@character_set_client */;
/*!50503 SET character_set_client = utf8mb4 */;
CREATE TABLE `VocabularyTopics` (
  `id` int NOT NULL AUTO_INCREMENT,
  `name` varchar(60) NOT NULL,
  `createdAt` datetime NOT NULL,
  `updatedAt` datetime NOT NULL,
  PRIMARY KEY (`id`)
) ENGINE=InnoDB AUTO_INCREMENT=10 DEFAULT CHARSET=utf8mb4 COLLATE=utf8mb4_0900_ai_ci;
/*!40101 SET character_set_client = @saved_cs_client */;

--
-- Dumping data for table `VocabularyTopics`
--

LOCK TABLES `VocabularyTopics` WRITE;
/*!40000 ALTER TABLE `VocabularyTopics` DISABLE KEYS */;
INSERT INTO `VocabularyTopics` VALUES (5,'Marketing','2024-11-30 18:01:51','2024-11-30 21:00:44'),(6,'Warranties','2024-11-30 18:42:37','2024-11-30 18:42:37');
/*!40000 ALTER TABLE `VocabularyTopics` ENABLE KEYS */;
UNLOCK TABLES;

--
-- Dumping events for database 'estudy'
--

--
-- Dumping routines for database 'estudy'
--
/*!50003 DROP PROCEDURE IF EXISTS `GetUserAnswers` */;
/*!50003 SET @saved_cs_client      = @@character_set_client */ ;
/*!50003 SET @saved_cs_results     = @@character_set_results */ ;
/*!50003 SET @saved_col_connection = @@collation_connection */ ;
/*!50003 SET character_set_client  = utf8mb4 */ ;
/*!50003 SET character_set_results = utf8mb4 */ ;
/*!50003 SET collation_connection  = utf8mb4_0900_ai_ci */ ;
/*!50003 SET @saved_sql_mode       = @@sql_mode */ ;
/*!50003 SET sql_mode              = 'ONLY_FULL_GROUP_BY,STRICT_TRANS_TABLES,NO_ZERO_IN_DATE,NO_ZERO_DATE,ERROR_FOR_DIVISION_BY_ZERO,NO_ENGINE_SUBSTITUTION' */ ;
DELIMITER ;;
CREATE DEFINER=`root`@`%` PROCEDURE `GetUserAnswers`(
	in p_userId int,
	in p_groupId int
)
BEGIN
	SELECT 
		q.id AS questionId,
		ua.answerId AS userAnswerId,
		ca.answerId AS correctAnswerId
	FROM Questions q
	LEFT JOIN UserAnswers ua
		ON q.id = ua.questionId AND ua.userId = p_userId
	LEFT JOIN CorrectAnswers ca
		ON q.id = ca.questionId
	WHERE q.groupId = p_groupId;
END ;;
DELIMITER ;
/*!50003 SET sql_mode              = @saved_sql_mode */ ;
/*!50003 SET character_set_client  = @saved_cs_client */ ;
/*!50003 SET character_set_results = @saved_cs_results */ ;
/*!50003 SET collation_connection  = @saved_col_connection */ ;
/*!50003 DROP PROCEDURE IF EXISTS `GetUserRoles` */;
/*!50003 SET @saved_cs_client      = @@character_set_client */ ;
/*!50003 SET @saved_cs_results     = @@character_set_results */ ;
/*!50003 SET @saved_col_connection = @@collation_connection */ ;
/*!50003 SET character_set_client  = utf8mb4 */ ;
/*!50003 SET character_set_results = utf8mb4 */ ;
/*!50003 SET collation_connection  = utf8mb4_0900_ai_ci */ ;
/*!50003 SET @saved_sql_mode       = @@sql_mode */ ;
/*!50003 SET sql_mode              = 'ONLY_FULL_GROUP_BY,STRICT_TRANS_TABLES,NO_ZERO_IN_DATE,NO_ZERO_DATE,ERROR_FOR_DIVISION_BY_ZERO,NO_ENGINE_SUBSTITUTION' */ ;
DELIMITER ;;
CREATE DEFINER=`root`@`%` PROCEDURE `GetUserRoles`(IN userId INT)
BEGIN
	SELECT r.id

	FROM Roles r

	INNER JOIN RoleDetails rd ON r.id = rd.roleId

	WHERE rd.userId = userId;
END ;;
DELIMITER ;
/*!50003 SET sql_mode              = @saved_sql_mode */ ;
/*!50003 SET character_set_client  = @saved_cs_client */ ;
/*!50003 SET character_set_results = @saved_cs_results */ ;
/*!50003 SET collation_connection  = @saved_col_connection */ ;
/*!40103 SET TIME_ZONE=@OLD_TIME_ZONE */;

/*!40101 SET SQL_MODE=@OLD_SQL_MODE */;
/*!40014 SET FOREIGN_KEY_CHECKS=@OLD_FOREIGN_KEY_CHECKS */;
/*!40014 SET UNIQUE_CHECKS=@OLD_UNIQUE_CHECKS */;
/*!40101 SET CHARACTER_SET_CLIENT=@OLD_CHARACTER_SET_CLIENT */;
/*!40101 SET CHARACTER_SET_RESULTS=@OLD_CHARACTER_SET_RESULTS */;
/*!40101 SET COLLATION_CONNECTION=@OLD_COLLATION_CONNECTION */;
/*!40111 SET SQL_NOTES=@OLD_SQL_NOTES */;

-- Dump completed on 2024-12-01  0:42:37
